"Status","Start Time","Stop Time","Duration in ms","Parent Suite","Suite","Sub Suite","Test Class","Test Method","Name","Description"
"passed","Wed Jun 05 08:58:48 GMT 2024","Wed Jun 05 08:58:49 GMT 2024","824","Command line suite","Command line test","school.redrover.PipelineTest","school.redrover.PipelineTest","testVerifyConfigurationPageHaveTooltips","testVerifyConfigurationPageHaveTooltips",""
"passed","Wed Jun 05 08:56:13 GMT 2024","Wed Jun 05 08:56:14 GMT 2024","1442","Command line suite","Command line test","school.redrover.PipelineTest","school.redrover.PipelineTest","testSetNumberBuildsToKeep","testSetNumberBuildsToKeep",""
"passed","Wed Jun 05 08:53:13 GMT 2024","Wed Jun 05 08:53:15 GMT 2024","1719","Command line suite","Command line test","school.redrover.FolderTest","school.redrover.FolderTest","testRenameFolderViaMainPageDropdownMenu","testRenameFolderViaMainPageDropdownMenu",""
"passed","Wed Jun 05 08:56:38 GMT 2024","Wed Jun 05 08:56:40 GMT 2024","1676","Command line suite","Command line test","school.redrover.PipelineTest","school.redrover.PipelineTest","testPipelineDescriptionTextAreaBacklightDefaultColor","testPipelineDescriptionTextAreaBacklightDefaultColor",""
"passed","Wed Jun 05 08:51:40 GMT 2024","Wed Jun 05 08:51:40 GMT 2024","347","Command line suite","Command line test","school.redrover.NewItemTest","school.redrover.NewItemTest","testInvalidValuesForProjectNameInput","testInvalidValuesForProjectNameInput",""
"passed","Wed Jun 05 08:46:33 GMT 2024","Wed Jun 05 08:46:34 GMT 2024","252","Command line suite","Command line test","school.redrover.FreestyleProjectTest","school.redrover.FreestyleProjectTest","testCreateProjectInvalidCharsGetMassage","testCreateProjectInvalidCharsGetMassage",""
"passed","Wed Jun 05 08:50:05 GMT 2024","Wed Jun 05 08:50:06 GMT 2024","1045","Command line suite","Command line test","school.redrover.ManageJenkinsTest","school.redrover.ManageJenkinsTest","testManageJenkinsLinks","testManageJenkinsLinks",""
"passed","Wed Jun 05 08:59:10 GMT 2024","Wed Jun 05 08:59:11 GMT 2024","1169","Command line suite","Command line test","school.redrover.PipelineTest","school.redrover.PipelineTest","testVerifyThePresenceOfTheFullStageViewButtonInTheSidebar","testVerifyThePresenceOfTheFullStageViewButtonInTheSidebar",""
"passed","Wed Jun 05 08:46:52 GMT 2024","Wed Jun 05 08:46:53 GMT 2024","376","Command line suite","Command line test","school.redrover.FreestyleProjectTest","school.redrover.FreestyleProjectTest","testCreateProjectInvalidCharsGetMassage","testCreateProjectInvalidCharsGetMassage",""
"passed","Wed Jun 05 08:56:12 GMT 2024","Wed Jun 05 08:56:13 GMT 2024","129","Command line suite","Command line test","school.redrover.PipelineTest","school.redrover.PipelineTest","testGreenBuildSuccessColor","testGreenBuildSuccessColor",""
"passed","Wed Jun 05 08:50:52 GMT 2024","Wed Jun 05 08:50:52 GMT 2024","649","Command line suite","Command line test","school.redrover.ManageJenkinsTest","school.redrover.ManageJenkinsTest","testSectionDescriptionOfSecurityBlock","testSectionDescriptionOfSecurityBlock",""
"passed","Wed Jun 05 08:49:18 GMT 2024","Wed Jun 05 08:49:19 GMT 2024","1037","Command line suite","Command line test","school.redrover.UserTest","school.redrover.UserTest","testErrorMessageForEmptyField","testErrorMessageForEmptyField",""
"passed","Wed Jun 05 08:50:37 GMT 2024","Wed Jun 05 08:50:38 GMT 2024","615","Command line suite","Command line test","school.redrover.ManageJenkinsTest","school.redrover.ManageJenkinsTest","testPlaceholderSettingsSearchInput","testPlaceholderSettingsSearchInput",""
"passed","Wed Jun 05 08:53:12 GMT 2024","Wed Jun 05 08:53:13 GMT 2024","522","Command line suite","Command line test","school.redrover.FolderTest","school.redrover.FolderTest","testCreateViaCreateAJob","testCreateViaCreateAJob",""
"passed","Wed Jun 05 08:53:17 GMT 2024","Wed Jun 05 08:53:18 GMT 2024","101","Command line suite","Command line test","school.redrover.FolderTest","school.redrover.FolderTest","testCheckNewFolderIsEmpty","testCheckNewFolderIsEmpty",""
"passed","Wed Jun 05 08:55:24 GMT 2024","Wed Jun 05 08:55:50 GMT 2024","26134","Command line suite","Command line test","school.redrover.PipelineTest","school.redrover.PipelineTest","testConsoleOutputValue","testConsoleOutputValue",""
"passed","Wed Jun 05 08:49:11 GMT 2024","Wed Jun 05 08:49:12 GMT 2024","1420","Command line suite","Command line test","school.redrover.FooterTest","school.redrover.FooterTest","testVersionFooterOnEachPage","testVersionFooterOnEachPage","Check Jenkins version in the footer on the Home, New Item, People, Build History, Manage Jenkins, My Views pages"
"passed","Wed Jun 05 08:58:42 GMT 2024","Wed Jun 05 08:58:43 GMT 2024","783","Command line suite","Command line test","school.redrover.PipelineTest","school.redrover.PipelineTest","testVerifyConfigurationPageHaveTooltips","testVerifyConfigurationPageHaveTooltips",""
"passed","Wed Jun 05 08:51:18 GMT 2024","Wed Jun 05 08:51:19 GMT 2024","329","Command line suite","Command line test","school.redrover.NewItemTest","school.redrover.NewItemTest","testCreateMulticonfigurationProjectNegative","testCreateMulticonfigurationProjectNegative",""
"passed","Wed Jun 05 08:47:40 GMT 2024","Wed Jun 05 08:47:43 GMT 2024","2974","Command line suite","Command line test","school.redrover.FreestyleProjectTest","school.redrover.FreestyleProjectTest","testDeleteProjectDropdownMenu","testDeleteProjectDropdownMenu",""
"passed","Wed Jun 05 08:54:00 GMT 2024","Wed Jun 05 08:54:01 GMT 2024","1498","Command line suite","Command line test","school.redrover.NodesTest","school.redrover.NodesTest","testDeleteExistingNode","testDeleteExistingNode",""
"passed","Wed Jun 05 08:47:27 GMT 2024","Wed Jun 05 08:47:29 GMT 2024","2084","Command line suite","Command line test","school.redrover.FreestyleProjectTest","school.redrover.FreestyleProjectTest","testProjectMovedToFolderViaDropdown","testProjectMovedToFolderViaDropdown",""
"passed","Wed Jun 05 08:59:52 GMT 2024","Wed Jun 05 08:59:52 GMT 2024","100","Command line suite","Command line test","school.redrover.MultibranchPipelineTest","school.redrover.MultibranchPipelineTest","testVerifyMpDisabledMessageColorOnStatusPage","testVerifyMpDisabledMessageColorOnStatusPage",""
"passed","Wed Jun 05 08:55:52 GMT 2024","Wed Jun 05 08:55:52 GMT 2024","781","Command line suite","Command line test","school.redrover.PipelineTest","school.redrover.PipelineTest","testCreatePipeline","testCreatePipeline",""
"passed","Wed Jun 05 08:46:57 GMT 2024","Wed Jun 05 08:46:58 GMT 2024","911","Command line suite","Command line test","school.redrover.FreestyleProjectTest","school.redrover.FreestyleProjectTest","testCreateProjectWithLongestName","testCreateProjectWithLongestName",""
"passed","Wed Jun 05 08:46:05 GMT 2024","Wed Jun 05 08:46:05 GMT 2024","427","Command line suite","Command line test","school.redrover.FreestyleProjectTest","school.redrover.FreestyleProjectTest","testCreateProjectInvalidCharsDisabledOkButton","testCreateProjectInvalidCharsDisabledOkButton",""
"passed","Wed Jun 05 08:58:41 GMT 2024","Wed Jun 05 08:58:41 GMT 2024","631","Command line suite","Command line test","school.redrover.PipelineTest","school.redrover.PipelineTest","testVerifyConfigurationPageHaveTooltips","testVerifyConfigurationPageHaveTooltips",""
"passed","Wed Jun 05 08:53:28 GMT 2024","Wed Jun 05 08:53:28 GMT 2024","802","Command line suite","Command line test","school.redrover.FolderTest","school.redrover.FolderTest","testCreateMultiConfigurationProjectInFolder","testCreateMultiConfigurationProjectInFolder",""
"passed","Wed Jun 05 08:56:41 GMT 2024","Wed Jun 05 08:56:42 GMT 2024","1018","Command line suite","Command line test","school.redrover.PipelineTest","school.redrover.PipelineTest","testRenameJobViaBreadcrumbs","testRenameJobViaBreadcrumbs",""
"unknown","Wed Jun 05 08:45:40 GMT 2024","Wed Jun 05 08:45:40 GMT 2024","0","Command line suite","Command line test","school.redrover.FreestyleProjectTest","school.redrover.FreestyleProjectTest","testCheckQuestion","testCheckQuestion",""
"passed","Wed Jun 05 08:50:34 GMT 2024","Wed Jun 05 08:50:34 GMT 2024","732","Command line suite","Command line test","school.redrover.ManageJenkinsTest","school.redrover.ManageJenkinsTest","testManageJenkinsLinks","testManageJenkinsLinks",""
"unknown","Wed Jun 05 08:45:40 GMT 2024","Wed Jun 05 08:45:40 GMT 2024","0","Command line suite","Command line test","school.redrover.MultiConfigurationProjectTest","school.redrover.MultiConfigurationProjectTest","testAddDiscardOldBuildsConfigurationsToProject","testAddDiscardOldBuildsConfigurationsToProject",""
"passed","Wed Jun 05 08:53:19 GMT 2024","Wed Jun 05 08:53:21 GMT 2024","1317","Command line suite","Command line test","school.redrover.FolderTest","school.redrover.FolderTest","testCreateTwoInnerFolder","testCreateTwoInnerFolder",""
"passed","Wed Jun 05 08:46:19 GMT 2024","Wed Jun 05 08:46:19 GMT 2024","383","Command line suite","Command line test","school.redrover.FreestyleProjectTest","school.redrover.FreestyleProjectTest","testCreateProjectInvalidCharsDisabledOkButton","testCreateProjectInvalidCharsDisabledOkButton",""
"passed","Wed Jun 05 08:46:15 GMT 2024","Wed Jun 05 08:46:16 GMT 2024","383","Command line suite","Command line test","school.redrover.FreestyleProjectTest","school.redrover.FreestyleProjectTest","testCreateProjectInvalidCharsDisabledOkButton","testCreateProjectInvalidCharsDisabledOkButton",""
"passed","Wed Jun 05 08:59:01 GMT 2024","Wed Jun 05 08:59:02 GMT 2024","830","Command line suite","Command line test","school.redrover.PipelineTest","school.redrover.PipelineTest","testVerifyConfigurationPageHaveTooltips","testVerifyConfigurationPageHaveTooltips",""
"passed","Wed Jun 05 08:56:14 GMT 2024","Wed Jun 05 08:56:15 GMT 2024","816","Command line suite","Command line test","school.redrover.PipelineTest","school.redrover.PipelineTest","testSetPipelineScript","testSetPipelineScript",""
"passed","Wed Jun 05 08:58:46 GMT 2024","Wed Jun 05 08:58:47 GMT 2024","777","Command line suite","Command line test","school.redrover.PipelineTest","school.redrover.PipelineTest","testVerifyConfigurationPageHaveTooltips","testVerifyConfigurationPageHaveTooltips",""
"passed","Wed Jun 05 08:59:23 GMT 2024","Wed Jun 05 08:59:23 GMT 2024","780","Command line suite","Command line test","school.redrover.ViewsTest","school.redrover.ViewsTest","testDeletePipelineView","testDeletePipelineView",""
"passed","Wed Jun 05 08:53:04 GMT 2024","Wed Jun 05 08:53:05 GMT 2024","453","Command line suite","Command line test","school.redrover.DashboardTest","school.redrover.DashboardTest","testCreateListView","testCreateListView",""
"passed","Wed Jun 05 08:59:55 GMT 2024","Wed Jun 05 08:59:56 GMT 2024","1393","Command line suite","Command line test","school.redrover.MultibranchPipelineTest","school.redrover.MultibranchPipelineTest","testDeleteViaDashboardDropdown","testDeleteViaDashboardDropdown",""
"passed","Wed Jun 05 08:51:30 GMT 2024","Wed Jun 05 08:51:30 GMT 2024","211","Command line suite","Command line test","school.redrover.NewItemTest","school.redrover.NewItemTest","testInvalidValuesForProjectNameInput","testInvalidValuesForProjectNameInput",""
"passed","Wed Jun 05 08:46:03 GMT 2024","Wed Jun 05 08:46:04 GMT 2024","418","Command line suite","Command line test","school.redrover.FreestyleProjectTest","school.redrover.FreestyleProjectTest","testCreateProjectInvalidCharsDisabledOkButton","testCreateProjectInvalidCharsDisabledOkButton",""
"passed","Wed Jun 05 08:52:14 GMT 2024","Wed Jun 05 08:52:14 GMT 2024","234","Command line suite","Command line test","school.redrover.OrganizationFolderTest","school.redrover.OrganizationFolderTest","testAddDescription","testAddDescription",""
"passed","Wed Jun 05 08:46:08 GMT 2024","Wed Jun 05 08:46:08 GMT 2024","252","Command line suite","Command line test","school.redrover.FreestyleProjectTest","school.redrover.FreestyleProjectTest","testCreateProjectInvalidCharsDisabledOkButton","testCreateProjectInvalidCharsDisabledOkButton",""
"passed","Wed Jun 05 08:48:32 GMT 2024","Wed Jun 05 08:48:33 GMT 2024","1119","Command line suite","Command line test","school.redrover.MultiConfigurationProjectTest","school.redrover.MultiConfigurationProjectTest","testVerifyThatDisabledIconIsDisplayedOnDashboard","testVerifyThatDisabledIconIsDisplayedOnDashboard",""
"passed","Wed Jun 05 08:58:37 GMT 2024","Wed Jun 05 08:58:37 GMT 2024","881","Command line suite","Command line test","school.redrover.PipelineTest","school.redrover.PipelineTest","testUseSearchToFindProject","testUseSearchToFindProject",""
"passed","Wed Jun 05 08:57:06 GMT 2024","Wed Jun 05 08:57:15 GMT 2024","8495","Command line suite","Command line test","school.redrover.PipelineTest","school.redrover.PipelineTest","testStageColumnHeader","testStageColumnHeader",""
"passed","Wed Jun 05 08:46:00 GMT 2024","Wed Jun 05 08:46:02 GMT 2024","2697","Command line suite","Command line test","school.redrover.FreestyleProjectTest","school.redrover.FreestyleProjectTest","testCreateProjectFromOtherExisting","testCreateProjectFromOtherExisting",""
"passed","Wed Jun 05 08:51:33 GMT 2024","Wed Jun 05 08:51:33 GMT 2024","338","Command line suite","Command line test","school.redrover.NewItemTest","school.redrover.NewItemTest","testInvalidValuesForProjectNameInput","testInvalidValuesForProjectNameInput",""
"passed","Wed Jun 05 08:55:53 GMT 2024","Wed Jun 05 08:55:53 GMT 2024","197","Command line suite","Command line test","school.redrover.PipelineTest","school.redrover.PipelineTest","testCreatePipelineSameName","testCreatePipelineSameName",""
"passed","Wed Jun 05 08:52:58 GMT 2024","Wed Jun 05 08:52:59 GMT 2024","1157","Command line suite","Command line test","school.redrover.DashboardTest","school.redrover.DashboardTest","testFreestyleProjectChevronMenu","testFreestyleProjectChevronMenu",""
"passed","Wed Jun 05 08:56:46 GMT 2024","Wed Jun 05 08:56:47 GMT 2024","250","Command line suite","Command line test","school.redrover.PipelineTest","school.redrover.PipelineTest","testRunBuildByTriangleButton","testRunBuildByTriangleButton",""
"unknown","Wed Jun 05 08:45:40 GMT 2024","Wed Jun 05 08:45:40 GMT 2024","0","Command line suite","Command line test","school.redrover.PipelineTest","school.redrover.PipelineTest","testChoosePipelineScript","testChoosePipelineScript",""
"passed","Wed Jun 05 08:58:59 GMT 2024","Wed Jun 05 08:59:00 GMT 2024","813","Command line suite","Command line test","school.redrover.PipelineTest","school.redrover.PipelineTest","testVerifyConfigurationPageHaveTooltips","testVerifyConfigurationPageHaveTooltips",""
"passed","Wed Jun 05 08:48:36 GMT 2024","Wed Jun 05 08:48:36 GMT 2024","343","Command line suite","Command line test","school.redrover.PeopleTest","school.redrover.PeopleTest","testIconSizeChangeToLarge","testIconSizeChangeToLarge",""
"passed","Wed Jun 05 08:51:13 GMT 2024","Wed Jun 05 08:51:14 GMT 2024","413","Command line suite","Command line test","school.redrover.NewItemTest","school.redrover.NewItemTest","testCreateItemWithEmptyName","testCreateItemWithEmptyName",""
"passed","Wed Jun 05 08:53:17 GMT 2024","Wed Jun 05 08:53:17 GMT 2024","767","Command line suite","Command line test","school.redrover.FolderTest","school.redrover.FolderTest","testCreateViaNewItem","testCreateViaNewItem",""
"passed","Wed Jun 05 08:56:23 GMT 2024","Wed Jun 05 08:56:24 GMT 2024","1039","Command line suite","Command line test","school.redrover.PipelineTest","school.redrover.PipelineTest","testFullStageViewButton","testFullStageViewButton",""
"passed","Wed Jun 05 08:47:25 GMT 2024","Wed Jun 05 08:47:26 GMT 2024","1232","Command line suite","Command line test","school.redrover.FreestyleProjectTest","school.redrover.FreestyleProjectTest","testOpenConfigurePageOfProject","testOpenConfigurePageOfProject",""
"passed","Wed Jun 05 08:56:48 GMT 2024","Wed Jun 05 08:56:48 GMT 2024","591","Command line suite","Command line test","school.redrover.PipelineTest","school.redrover.PipelineTest","testScroll","testScroll",""
"passed","Wed Jun 05 08:50:43 GMT 2024","Wed Jun 05 08:50:44 GMT 2024","1431","Command line suite","Command line test","school.redrover.ManageJenkinsTest","school.redrover.ManageJenkinsTest","testRedirectionToNotFirstSearchResult","testRedirectionToNotFirstSearchResult",""
"passed","Wed Jun 05 08:46:30 GMT 2024","Wed Jun 05 08:46:31 GMT 2024","413","Command line suite","Command line test","school.redrover.FreestyleProjectTest","school.redrover.FreestyleProjectTest","testCreateProjectInvalidCharsGetMassage","testCreateProjectInvalidCharsGetMassage",""
"passed","Wed Jun 05 08:50:32 GMT 2024","Wed Jun 05 08:50:32 GMT 2024","775","Command line suite","Command line test","school.redrover.ManageJenkinsTest","school.redrover.ManageJenkinsTest","testManageJenkinsLinks","testManageJenkinsLinks",""
"passed","Wed Jun 05 08:50:30 GMT 2024","Wed Jun 05 08:50:31 GMT 2024","752","Command line suite","Command line test","school.redrover.ManageJenkinsTest","school.redrover.ManageJenkinsTest","testManageJenkinsLinks","testManageJenkinsLinks",""
"passed","Wed Jun 05 08:50:49 GMT 2024","Wed Jun 05 08:50:50 GMT 2024","1218","Command line suite","Command line test","school.redrover.ManageJenkinsTest","school.redrover.ManageJenkinsTest","testSearchSettingsWithInvalidData","testSearchSettingsWithInvalidData",""
"passed","Wed Jun 05 08:49:15 GMT 2024","Wed Jun 05 08:49:16 GMT 2024","120","Command line suite","Command line test","school.redrover.UserTest","school.redrover.UserTest","testCheckUserID","testCheckUserID",""
"unknown","Wed Jun 05 08:45:40 GMT 2024","Wed Jun 05 08:45:40 GMT 2024","0","Command line suite","Command line test","school.redrover.PipelineTest","school.redrover.PipelineTest","testDisablePipelineProject","testDisablePipelineProject",""
"passed","Wed Jun 05 08:48:39 GMT 2024","Wed Jun 05 08:48:39 GMT 2024","369","Command line suite","Command line test","school.redrover.PeopleTest","school.redrover.PeopleTest","testIconSizeChangeToSmall","testIconSizeChangeToSmall",""
"passed","Wed Jun 05 08:53:58 GMT 2024","Wed Jun 05 08:53:59 GMT 2024","674","Command line suite","Command line test","school.redrover.NodesTest","school.redrover.NodesTest","testCreatedNodeIsOnMainPage","testCreatedNodeIsOnMainPage",""
"passed","Wed Jun 05 08:56:43 GMT 2024","Wed Jun 05 08:56:44 GMT 2024","990","Command line suite","Command line test","school.redrover.PipelineTest","school.redrover.PipelineTest","testRenamePipelineViaSidebar","testRenamePipelineViaSidebar",""
"passed","Wed Jun 05 08:59:59 GMT 2024","Wed Jun 05 09:00:01 GMT 2024","2357","Command line suite","Command line test","school.redrover.MultibranchPipelineTest","school.redrover.MultibranchPipelineTest","testDeleteProject","testDeleteProject",""
"passed","Wed Jun 05 08:53:23 GMT 2024","Wed Jun 05 08:53:23 GMT 2024","375","Command line suite","Command line test","school.redrover.FolderTest","school.redrover.FolderTest","testDotAsFirstFolderNameCharErrorMessage","testDotAsFirstFolderNameCharErrorMessage",""
"passed","Wed Jun 05 08:47:20 GMT 2024","Wed Jun 05 08:47:21 GMT 2024","1142","Command line suite","Command line test","school.redrover.FreestyleProjectTest","school.redrover.FreestyleProjectTest","testGetWelcomePageWhenDeleteProjectViaSideBar","testGetWelcomePageWhenDeleteProjectViaSideBar",""
"passed","Wed Jun 05 08:58:54 GMT 2024","Wed Jun 05 08:58:55 GMT 2024","828","Command line suite","Command line test","school.redrover.PipelineTest","school.redrover.PipelineTest","testVerifyConfigurationPageHaveTooltips","testVerifyConfigurationPageHaveTooltips",""
"passed","Wed Jun 05 08:56:13 GMT 2024","Wed Jun 05 08:56:13 GMT 2024","242","Command line suite","Command line test","school.redrover.PipelineTest","school.redrover.PipelineTest","testCheckBuildsHistoryDescendingOrder","testCheckBuildsHistoryDescendingOrder",""
"passed","Wed Jun 05 08:45:49 GMT 2024","Wed Jun 05 08:45:50 GMT 2024","420","Command line suite","Command line test","school.redrover.FreestyleProjectTest","school.redrover.FreestyleProjectTest","testDeleteProjectDescription","testDeleteProjectDescription",""
"passed","Wed Jun 05 08:49:53 GMT 2024","Wed Jun 05 08:49:54 GMT 2024","869","Command line suite","Command line test","school.redrover.BuildHistoryTest","school.redrover.BuildHistoryTest","testGetTableBuildHistory","testGetTableBuildHistory",""
"passed","Wed Jun 05 09:00:06 GMT 2024","Wed Jun 05 09:00:08 GMT 2024","1618","Command line suite","Command line test","school.redrover.MultibranchPipelineTest","school.redrover.MultibranchPipelineTest","testMoveProjectToFolderViaSidebarMenu","testMoveProjectToFolderViaSidebarMenu",""
"passed","Wed Jun 05 08:56:16 GMT 2024","Wed Jun 05 08:56:22 GMT 2024","5859","Command line suite","Command line test","school.redrover.PipelineTest","school.redrover.PipelineTest","testDiscardOldBuildsByCount","testDiscardOldBuildsByCount",""
"passed","Wed Jun 05 08:54:25 GMT 2024","Wed Jun 05 08:54:26 GMT 2024","1019","Command line suite","Command line test","school.redrover.PipelineTest","school.redrover.PipelineTest","testAddDisplayNameInAdvancedSection","testAddDisplayNameInAdvancedSection",""
"passed","Wed Jun 05 08:48:20 GMT 2024","Wed Jun 05 08:48:23 GMT 2024","2828","Command line suite","Command line test","school.redrover.MultiConfigurationProjectTest","school.redrover.MultiConfigurationProjectTest","testMoveProjectToFolderViaDropdown","testMoveProjectToFolderViaDropdown",""
"passed","Wed Jun 05 09:00:36 GMT 2024","Wed Jun 05 09:00:36 GMT 2024","842","Command line suite","Command line test","school.redrover.SearchBoxTest","school.redrover.SearchBoxTest","testSearchWithCaseSensitiveOff","testSearchWithCaseSensitiveOff",""
"passed","Wed Jun 05 08:46:39 GMT 2024","Wed Jun 05 08:46:40 GMT 2024","398","Command line suite","Command line test","school.redrover.FreestyleProjectTest","school.redrover.FreestyleProjectTest","testCreateProjectInvalidCharsGetMassage","testCreateProjectInvalidCharsGetMassage",""
"passed","Wed Jun 05 08:48:30 GMT 2024","Wed Jun 05 08:48:31 GMT 2024","988","Command line suite","Command line test","school.redrover.MultiConfigurationProjectTest","school.redrover.MultiConfigurationProjectTest","testSearchMCPByName","testSearchMCPByName",""
"passed","Wed Jun 05 08:53:03 GMT 2024","Wed Jun 05 08:53:04 GMT 2024","1123","Command line suite","Command line test","school.redrover.DashboardTest","school.redrover.DashboardTest","testOrganizationFolderChevronMenu","testOrganizationFolderChevronMenu",""
"passed","Wed Jun 05 08:53:07 GMT 2024","Wed Jun 05 08:53:08 GMT 2024","750","Command line suite","Command line test","school.redrover.DashboardTest","school.redrover.DashboardTest","testBackgroundColorOfViewName","testBackgroundColorOfViewName",""
"passed","Wed Jun 05 08:54:21 GMT 2024","Wed Jun 05 08:54:22 GMT 2024","1046","Command line suite","Command line test","school.redrover.PipelineTest","school.redrover.PipelineTest","testAddDescription","testAddDescription",""
"passed","Wed Jun 05 08:50:12 GMT 2024","Wed Jun 05 08:50:13 GMT 2024","802","Command line suite","Command line test","school.redrover.ManageJenkinsTest","school.redrover.ManageJenkinsTest","testManageJenkinsLinks","testManageJenkinsLinks",""
"passed","Wed Jun 05 08:59:32 GMT 2024","Wed Jun 05 08:59:32 GMT 2024","0","Command line suite","Command line test","school.redrover.runner.order.OrderForTestsTest","school.redrover.runner.order.OrderForTestsTest","orderMethodsOneGroupDepTest","orderMethodsOneGroupDepTest",""
"passed","Wed Jun 05 08:50:26 GMT 2024","Wed Jun 05 08:50:26 GMT 2024","814","Command line suite","Command line test","school.redrover.ManageJenkinsTest","school.redrover.ManageJenkinsTest","testManageJenkinsLinks","testManageJenkinsLinks",""
"passed","Wed Jun 05 08:56:26 GMT 2024","Wed Jun 05 08:56:27 GMT 2024","1613","Command line suite","Command line test","school.redrover.PipelineTest","school.redrover.PipelineTest","testFullStageViewButtonInDropDown","testFullStageViewButtonInDropDown",""
"passed","Wed Jun 05 08:54:19 GMT 2024","Wed Jun 05 08:54:20 GMT 2024","908","Command line suite","Command line test","school.redrover.NodesTest","school.redrover.NodesTest","testVerifyErrorMessage","testVerifyErrorMessage",""
"passed","Wed Jun 05 08:47:11 GMT 2024","Wed Jun 05 08:47:11 GMT 2024","212","Command line suite","Command line test","school.redrover.FreestyleProjectTest","school.redrover.FreestyleProjectTest","testEnableProject","testEnableProject",""
"passed","Wed Jun 05 08:47:32 GMT 2024","Wed Jun 05 08:47:34 GMT 2024","1728","Command line suite","Command line test","school.redrover.FreestyleProjectTest","school.redrover.FreestyleProjectTest","testRenameProjectViaBreadcrumbsDropdown","testRenameProjectViaBreadcrumbsDropdown",""
"passed","Wed Jun 05 08:48:40 GMT 2024","Wed Jun 05 08:49:05 GMT 2024","24455","Command line suite","Command line test","school.redrover.PeopleTest","school.redrover.PeopleTest","testSortPeople","testSortPeople",""
"passed","Wed Jun 05 08:57:26 GMT 2024","Wed Jun 05 08:58:35 GMT 2024","69590","Command line suite","Command line test","school.redrover.PipelineTest","school.redrover.PipelineTest","testTableWithLast10Builds","testTableWithLast10Builds",""
"passed","Wed Jun 05 08:53:24 GMT 2024","Wed Jun 05 08:53:25 GMT 2024","391","Command line suite","Command line test","school.redrover.FolderTest","school.redrover.FolderTest","testDotAsLastFolderNameCharErrorMessage","testDotAsLastFolderNameCharErrorMessage",""
"passed","Wed Jun 05 08:52:44 GMT 2024","Wed Jun 05 08:52:45 GMT 2024","861","Command line suite","Command line test","school.redrover.AppearanceTest","school.redrover.AppearanceTest","testDarkThemeSwitchColor","testDarkThemeSwitchColor",""
"passed","Wed Jun 05 08:59:57 GMT 2024","Wed Jun 05 08:59:58 GMT 2024","723","Command line suite","Command line test","school.redrover.MultibranchPipelineTest","school.redrover.MultibranchPipelineTest","testDisabledMultibranchPipeline","testDisabledMultibranchPipeline",""
"passed","Wed Jun 05 08:59:52 GMT 2024","Wed Jun 05 08:59:52 GMT 2024","199","Command line suite","Command line test","school.redrover.MultibranchPipelineTest","school.redrover.MultibranchPipelineTest","testVerifyMpDisabledOnStatusPage","testVerifyMpDisabledOnStatusPage",""
"passed","Wed Jun 05 08:49:17 GMT 2024","Wed Jun 05 08:49:17 GMT 2024","581","Command line suite","Command line test","school.redrover.UserTest","school.redrover.UserTest","testSearchForUserThroughSearchBar","testSearchForUserThroughSearchBar",""
"passed","Wed Jun 05 08:49:59 GMT 2024","Wed Jun 05 08:50:00 GMT 2024","751","Command line suite","Command line test","school.redrover.ManageJenkinsTest","school.redrover.ManageJenkinsTest","testListOfManageJenkinsLinks","testListOfManageJenkinsLinks",""
"passed","Wed Jun 05 08:52:29 GMT 2024","Wed Jun 05 08:52:30 GMT 2024","1122","Command line suite","Command line test","school.redrover.OrganizationFolderTest","school.redrover.OrganizationFolderTest","testRenameOrganizationFolder","testRenameOrganizationFolder",""
"passed","Wed Jun 05 08:49:09 GMT 2024","Wed Jun 05 08:49:10 GMT 2024","303","Command line suite","Command line test","school.redrover.FooterTest","school.redrover.FooterTest","testRestAPIButtonTitle","testRestAPIButtonTitle","Verify if the title name is correct on the Api Link page"
"unknown","Wed Jun 05 08:45:40 GMT 2024","Wed Jun 05 08:45:40 GMT 2024","0","Command line suite","Command line test","school.redrover.UserTest","school.redrover.UserTest","testUsersSortingByName","testUsersSortingByName",""
"passed","Wed Jun 05 09:00:11 GMT 2024","Wed Jun 05 09:00:12 GMT 2024","1131","Command line suite","Command line test","school.redrover.MultibranchPipelineTest","school.redrover.MultibranchPipelineTest","testRenameMultibranchPipelineViaMainPageDropdownMenu","testRenameMultibranchPipelineViaMainPageDropdownMenu",""
"passed","Wed Jun 05 08:45:49 GMT 2024","Wed Jun 05 08:45:49 GMT 2024","481","Command line suite","Command line test","school.redrover.FreestyleProjectTest","school.redrover.FreestyleProjectTest","testEditProjectDescription","testEditProjectDescription",""
"passed","Wed Jun 05 08:50:47 GMT 2024","Wed Jun 05 08:50:48 GMT 2024","653","Command line suite","Command line test","school.redrover.ManageJenkinsTest","school.redrover.ManageJenkinsTest","testSearchSettingsFieldVisibility","testSearchSettingsFieldVisibility",""
"passed","Wed Jun 05 08:56:33 GMT 2024","Wed Jun 05 08:56:37 GMT 2024","3730","Command line suite","Command line test","school.redrover.PipelineTest","school.redrover.PipelineTest","testPipelineDescriptionTextAreaBacklightColor","testPipelineDescriptionTextAreaBacklightColor",""
"unknown","Wed Jun 05 08:45:40 GMT 2024","Wed Jun 05 08:45:40 GMT 2024","0","Command line suite","Command line test","school.redrover.APIJenkinsJobsTest","school.redrover.APIJenkinsJobsTest","testBuild","testBuild",""
"passed","Wed Jun 05 08:53:22 GMT 2024","Wed Jun 05 08:53:22 GMT 2024","280","Command line suite","Command line test","school.redrover.FolderTest","school.redrover.FolderTest","testDeleteFolder","testDeleteFolder",""
"passed","Wed Jun 05 08:51:20 GMT 2024","Wed Jun 05 08:51:20 GMT 2024","721","Command line suite","Command line test","school.redrover.NewItemTest","school.redrover.NewItemTest","testCreateNewFolder","testCreateNewFolder",""
"passed","Wed Jun 05 09:00:41 GMT 2024","Wed Jun 05 09:00:41 GMT 2024","117","Command line suite","Command line test","school.redrover.SearchBoxTest","school.redrover.SearchBoxTest","testStartSearchBox","testStartSearchBox",""
"passed","Wed Jun 05 08:59:19 GMT 2024","Wed Jun 05 08:59:19 GMT 2024","737","Command line suite","Command line test","school.redrover.ViewsTest","school.redrover.ViewsTest","testChangeOrderOfColumns","testChangeOrderOfColumns",""
"passed","Wed Jun 05 08:46:23 GMT 2024","Wed Jun 05 08:46:23 GMT 2024","253","Command line suite","Command line test","school.redrover.FreestyleProjectTest","school.redrover.FreestyleProjectTest","testCreateProjectInvalidCharsDisabledOkButton","testCreateProjectInvalidCharsDisabledOkButton",""
"passed","Wed Jun 05 08:46:27 GMT 2024","Wed Jun 05 08:46:28 GMT 2024","396","Command line suite","Command line test","school.redrover.FreestyleProjectTest","school.redrover.FreestyleProjectTest","testCreateProjectInvalidCharsDisabledOkButton","testCreateProjectInvalidCharsDisabledOkButton",""
"passed","Wed Jun 05 09:00:25 GMT 2024","Wed Jun 05 09:00:26 GMT 2024","820","Command line suite","Command line test","school.redrover.SearchBoxTest","school.redrover.SearchBoxTest","testAccessToUserDoc","testAccessToUserDoc",""
"passed","Wed Jun 05 09:00:04 GMT 2024","Wed Jun 05 09:00:05 GMT 2024","1106","Command line suite","Command line test","school.redrover.MultibranchPipelineTest","school.redrover.MultibranchPipelineTest","testEnableMultibranchPipeline","testEnableMultibranchPipeline",""
"passed","Wed Jun 05 08:51:44 GMT 2024","Wed Jun 05 08:51:44 GMT 2024","351","Command line suite","Command line test","school.redrover.NewItemTest","school.redrover.NewItemTest","testInvalidValuesForProjectNameInput","testInvalidValuesForProjectNameInput",""
"passed","Wed Jun 05 08:47:50 GMT 2024","Wed Jun 05 08:47:50 GMT 2024","373","Command line suite","Command line test","school.redrover.MultiConfigurationProjectTest","school.redrover.MultiConfigurationProjectTest","testCreateProjectWithoutName","testCreateProjectWithoutName",""
"passed","Wed Jun 05 08:52:39 GMT 2024","Wed Jun 05 08:52:40 GMT 2024","1311","Command line suite","Command line test","school.redrover.AppearanceTest","school.redrover.AppearanceTest","testAppearanceQuantityOfThemesViaDashboardDropDown","testAppearanceQuantityOfThemesViaDashboardDropDown",""
"passed","Wed Jun 05 08:45:56 GMT 2024","Wed Jun 05 08:45:57 GMT 2024","324","Command line suite","Command line test","school.redrover.FreestyleProjectTest","school.redrover.FreestyleProjectTest","testCreateProjectWithDuplicateName","testCreateProjectWithDuplicateName",""
"passed","Wed Jun 05 08:53:13 GMT 2024","Wed Jun 05 08:53:13 GMT 2024","514","Command line suite","Command line test","school.redrover.FolderTest","school.redrover.FolderTest","testRenameFolderViaFolderBreadcrumbsDropdownMenu","testRenameFolderViaFolderBreadcrumbsDropdownMenu",""
"passed","Wed Jun 05 08:49:13 GMT 2024","Wed Jun 05 08:49:14 GMT 2024","1165","Command line suite","Command line test","school.redrover.FooterTest","school.redrover.FooterTest","testVersionOnAboutJenkinsPage","testVersionOnAboutJenkinsPage","Check Jenkins version in the footer on the 'About Jenkins' page"
"passed","Wed Jun 05 08:59:06 GMT 2024","Wed Jun 05 08:59:07 GMT 2024","1123","Command line suite","Command line test","school.redrover.PipelineTest","school.redrover.PipelineTest","testVerifySectionHasTooltip","testVerifySectionHasTooltip",""
"passed","Wed Jun 05 08:51:51 GMT 2024","Wed Jun 05 08:51:51 GMT 2024","329","Command line suite","Command line test","school.redrover.NewItemTest","school.redrover.NewItemTest","testInvalidValuesForProjectNameInput","testInvalidValuesForProjectNameInput",""
"passed","Wed Jun 05 08:54:27 GMT 2024","Wed Jun 05 08:54:27 GMT 2024","526","Command line suite","Command line test","school.redrover.PipelineTest","school.redrover.PipelineTest","testDeleteDisplayNameInAdvancedSection","testDeleteDisplayNameInAdvancedSection",""
"passed","Wed Jun 05 08:59:04 GMT 2024","Wed Jun 05 08:59:05 GMT 2024","513","Command line suite","Command line test","school.redrover.PipelineTest","school.redrover.PipelineTest","testVerifyNewPPCreatedNewItem","testVerifyNewPPCreatedNewItem",""
"passed","Wed Jun 05 08:48:34 GMT 2024","Wed Jun 05 08:48:35 GMT 2024","960","Command line suite","Command line test","school.redrover.MultiConfigurationProjectTest","school.redrover.MultiConfigurationProjectTest","testYesButtonColorDeletingMCPInSidebar","testYesButtonColorDeletingMCPInSidebar",""
"passed","Wed Jun 05 08:46:09 GMT 2024","Wed Jun 05 08:46:10 GMT 2024","405","Command line suite","Command line test","school.redrover.FreestyleProjectTest","school.redrover.FreestyleProjectTest","testCreateProjectInvalidCharsDisabledOkButton","testCreateProjectInvalidCharsDisabledOkButton",""
"passed","Wed Jun 05 08:54:05 GMT 2024","Wed Jun 05 08:54:07 GMT 2024","2240","Command line suite","Command line test","school.redrover.NodesTest","school.redrover.NodesTest","testSwitchNodeToOnlineStatus","testSwitchNodeToOnlineStatus",""
"passed","Wed Jun 05 08:46:59 GMT 2024","Wed Jun 05 08:46:59 GMT 2024","496","Command line suite","Command line test","school.redrover.FreestyleProjectTest","school.redrover.FreestyleProjectTest","testCreateProjectWithSpecialSymbol","testCreateProjectWithSpecialSymbol",""
"passed","Wed Jun 05 08:51:01 GMT 2024","Wed Jun 05 08:51:02 GMT 2024","641","Command line suite","Command line test","school.redrover.ManageJenkinsTest","school.redrover.ManageJenkinsTest","testToolsAndActionsBlockSectionsClickable","testToolsAndActionsBlockSectionsClickable",""
"passed","Wed Jun 05 08:48:03 GMT 2024","Wed Jun 05 08:48:04 GMT 2024","1011","Command line suite","Command line test","school.redrover.MultiConfigurationProjectTest","school.redrover.MultiConfigurationProjectTest","testDescriptionPreview","testDescriptionPreview",""
"passed","Wed Jun 05 08:47:38 GMT 2024","Wed Jun 05 08:47:39 GMT 2024","1512","Command line suite","Command line test","school.redrover.FreestyleProjectTest","school.redrover.FreestyleProjectTest","testRenameProjectViaSideBarMenu","testRenameProjectViaSideBarMenu",""
"passed","Wed Jun 05 08:51:16 GMT 2024","Wed Jun 05 08:51:17 GMT 2024","885","Command line suite","Command line test","school.redrover.NewItemTest","school.redrover.NewItemTest","testCreateMulticonfigurationProject","testCreateMulticonfigurationProject",""
"passed","Wed Jun 05 08:56:57 GMT 2024","Wed Jun 05 08:56:59 GMT 2024","1306","Command line suite","Command line test","school.redrover.PipelineTest","school.redrover.PipelineTest","testSetPipelineSpeedDurabilityOverride","testSetPipelineSpeedDurabilityOverride",""
"passed","Wed Jun 05 08:53:28 GMT 2024","Wed Jun 05 08:53:31 GMT 2024","2186","Command line suite","Command line test","school.redrover.FolderTest","school.redrover.FolderTest","testDeleteFolderViaDropdown","testDeleteFolderViaDropdown",""
"passed","Wed Jun 05 08:48:06 GMT 2024","Wed Jun 05 08:48:07 GMT 2024","475","Command line suite","Command line test","school.redrover.MultiConfigurationProjectTest","school.redrover.MultiConfigurationProjectTest","testEnableProjectOnProjectPage","testEnableProjectOnProjectPage",""
"passed","Wed Jun 05 08:51:07 GMT 2024","Wed Jun 05 08:51:07 GMT 2024","322","Command line suite","Command line test","school.redrover.NewItemTest","school.redrover.NewItemTest","TestCheckListOfSuggestedForCreationProjectTypes","TestCheckListOfSuggestedForCreationProjectTypes",""
"passed","Wed Jun 05 08:45:46 GMT 2024","Wed Jun 05 08:45:48 GMT 2024","2918","Command line suite","Command line test","school.redrover.FreestyleProjectTest","school.redrover.FreestyleProjectTest","testAddDescriptionUsingAddDescriptionButton","testAddDescriptionUsingAddDescriptionButton",""
"passed","Wed Jun 05 08:47:01 GMT 2024","Wed Jun 05 08:47:04 GMT 2024","3238","Command line suite","Command line test","school.redrover.FreestyleProjectTest","school.redrover.FreestyleProjectTest","testDeleteProjectViaSidebar","testDeleteProjectViaSidebar",""
"passed","Wed Jun 05 08:58:52 GMT 2024","Wed Jun 05 08:58:53 GMT 2024","794","Command line suite","Command line test","school.redrover.PipelineTest","school.redrover.PipelineTest","testVerifyConfigurationPageHaveTooltips","testVerifyConfigurationPageHaveTooltips",""
"passed","Wed Jun 05 08:52:57 GMT 2024","Wed Jun 05 08:52:57 GMT 2024","58","Command line suite","Command line test","school.redrover.DashboardTest","school.redrover.DashboardTest","testDashboardMenu","testDashboardMenu",""
"passed","Wed Jun 05 08:59:32 GMT 2024","Wed Jun 05 08:59:32 GMT 2024","0","Command line suite","Command line test","school.redrover.runner.order.OrderForTestsTest","school.redrover.runner.order.OrderForTestsTest","orderMethodsTwoDifferentGroupsDepTest","orderMethodsTwoDifferentGroupsDepTest",""
"passed","Wed Jun 05 08:59:32 GMT 2024","Wed Jun 05 08:59:34 GMT 2024","2032","Command line suite","Command line test","school.redrover.runner.CucumberTest","school.redrover.runner.CucumberTest","runScenario","Runs Cucumber Scenarios",""
"passed","Wed Jun 05 08:53:05 GMT 2024","Wed Jun 05 08:53:07 GMT 2024","1713","Command line suite","Command line test","school.redrover.DashboardTest","school.redrover.DashboardTest","testAddItemsToView","testAddItemsToView",""
"passed","Wed Jun 05 08:46:47 GMT 2024","Wed Jun 05 08:46:47 GMT 2024","388","Command line suite","Command line test","school.redrover.FreestyleProjectTest","school.redrover.FreestyleProjectTest","testCreateProjectInvalidCharsGetMassage","testCreateProjectInvalidCharsGetMassage",""
"passed","Wed Jun 05 08:58:44 GMT 2024","Wed Jun 05 08:58:45 GMT 2024","814","Command line suite","Command line test","school.redrover.PipelineTest","school.redrover.PipelineTest","testVerifyConfigurationPageHaveTooltips","testVerifyConfigurationPageHaveTooltips",""
"passed","Wed Jun 05 08:53:07 GMT 2024","Wed Jun 05 08:53:07 GMT 2024","393","Command line suite","Command line test","school.redrover.DashboardTest","school.redrover.DashboardTest","testChangeIconSize","testChangeIconSize",""
"passed","Wed Jun 05 08:55:54 GMT 2024","Wed Jun 05 08:55:54 GMT 2024","279","Command line suite","Command line test","school.redrover.PipelineTest","school.redrover.PipelineTest","testCreatePipelineWithEmptyName","testCreatePipelineWithEmptyName",""
"passed","Wed Jun 05 08:46:50 GMT 2024","Wed Jun 05 08:46:50 GMT 2024","457","Command line suite","Command line test","school.redrover.FreestyleProjectTest","school.redrover.FreestyleProjectTest","testCreateProjectInvalidCharsGetMassage","testCreateProjectInvalidCharsGetMassage",""
"passed","Wed Jun 05 08:49:43 GMT 2024","Wed Jun 05 08:49:44 GMT 2024","1446","Command line suite","Command line test","school.redrover.UserTest","school.redrover.UserTest","testRedirectToUserPage","testRedirectToUserPage",""
"passed","Wed Jun 05 08:51:34 GMT 2024","Wed Jun 05 08:51:34 GMT 2024","384","Command line suite","Command line test","school.redrover.NewItemTest","school.redrover.NewItemTest","testInvalidValuesForProjectNameInput","testInvalidValuesForProjectNameInput",""
"passed","Wed Jun 05 08:46:44 GMT 2024","Wed Jun 05 08:46:44 GMT 2024","372","Command line suite","Command line test","school.redrover.FreestyleProjectTest","school.redrover.FreestyleProjectTest","testCreateProjectInvalidCharsGetMassage","testCreateProjectInvalidCharsGetMassage",""
"passed","Wed Jun 05 08:50:11 GMT 2024","Wed Jun 05 08:50:11 GMT 2024","589","Command line suite","Command line test","school.redrover.ManageJenkinsTest","school.redrover.ManageJenkinsTest","testManageJenkinsLinks","testManageJenkinsLinks",""
"passed","Wed Jun 05 08:48:37 GMT 2024","Wed Jun 05 08:48:38 GMT 2024","388","Command line suite","Command line test","school.redrover.PeopleTest","school.redrover.PeopleTest","testIconSizeChangeToMedium","testIconSizeChangeToMedium",""
"passed","Wed Jun 05 08:53:52 GMT 2024","Wed Jun 05 08:53:53 GMT 2024","728","Command line suite","Command line test","school.redrover.NodesTest","school.redrover.NodesTest","testCreateNewNodeWithOneLabel","testCreateNewNodeWithOneLabel",""
"passed","Wed Jun 05 08:53:10 GMT 2024","Wed Jun 05 08:53:10 GMT 2024","266","Command line suite","Command line test","school.redrover.DashboardTest","school.redrover.DashboardTest","testPeopleOnSidebar","testPeopleOnSidebar",""
"passed","Wed Jun 05 09:00:22 GMT 2024","Wed Jun 05 09:00:23 GMT 2024","806","Command line suite","Command line test","school.redrover.MultibranchPipelineTest","school.redrover.MultibranchPipelineTest","testVerifyStatusToSwitchingEnableMultibranchPipeline","testVerifyStatusToSwitchingEnableMultibranchPipeline",""
"passed","Wed Jun 05 08:51:12 GMT 2024","Wed Jun 05 08:51:12 GMT 2024","797","Command line suite","Command line test","school.redrover.NewItemTest","school.redrover.NewItemTest","testCreateItemForStandaloneOrNestedProjects","testCreateItemForStandaloneOrNestedProjects",""
"passed","Wed Jun 05 08:51:47 GMT 2024","Wed Jun 05 08:51:47 GMT 2024","334","Command line suite","Command line test","school.redrover.NewItemTest","school.redrover.NewItemTest","testInvalidValuesForProjectNameInput","testInvalidValuesForProjectNameInput",""
"passed","Wed Jun 05 08:47:29 GMT 2024","Wed Jun 05 08:47:31 GMT 2024","1716","Command line suite","Command line test","school.redrover.FreestyleProjectTest","school.redrover.FreestyleProjectTest","testCheckFreestyleProjectViaBreadcrumb","testCheckFreestyleProjectViaBreadcrumb",""
"broken","Wed Jun 05 08:55:09 GMT 2024","Wed Jun 05 08:55:19 GMT 2024","10023","Command line suite","Command line test","school.redrover.PipelineTest","school.redrover.PipelineTest","testBuildNowWithAnError","testBuildNowWithAnError",""
"passed","Wed Jun 05 08:47:48 GMT 2024","Wed Jun 05 08:47:49 GMT 2024","509","Command line suite","Command line test","school.redrover.MultiConfigurationProjectTest","school.redrover.MultiConfigurationProjectTest","testRenameMCProject","testRenameMCProject",""
"passed","Wed Jun 05 08:52:55 GMT 2024","Wed Jun 05 08:52:56 GMT 2024","1125","Command line suite","Command line test","school.redrover.DashboardTest","school.redrover.DashboardTest","testCreateMyView","testCreateMyView",""
"passed","Wed Jun 05 09:00:40 GMT 2024","Wed Jun 05 09:00:40 GMT 2024","602","Command line suite","Command line test","school.redrover.SearchBoxTest","school.redrover.SearchBoxTest","testSearchWithValidData","testSearchWithValidData",""
"passed","Wed Jun 05 08:51:45 GMT 2024","Wed Jun 05 08:51:45 GMT 2024","211","Command line suite","Command line test","school.redrover.NewItemTest","school.redrover.NewItemTest","testInvalidValuesForProjectNameInput","testInvalidValuesForProjectNameInput",""
"passed","Wed Jun 05 08:53:37 GMT 2024","Wed Jun 05 08:53:37 GMT 2024","465","Command line suite","Command line test","school.redrover.FolderTest","school.redrover.FolderTest","testSpecialCharactersNameFolder","testSpecialCharactersNameFolder",""
"passed","Wed Jun 05 08:58:57 GMT 2024","Wed Jun 05 08:58:58 GMT 2024","791","Command line suite","Command line test","school.redrover.PipelineTest","school.redrover.PipelineTest","testVerifyConfigurationPageHaveTooltips","testVerifyConfigurationPageHaveTooltips",""
"passed","Wed Jun 05 08:46:36 GMT 2024","Wed Jun 05 08:46:37 GMT 2024","425","Command line suite","Command line test","school.redrover.FreestyleProjectTest","school.redrover.FreestyleProjectTest","testCreateProjectInvalidCharsGetMassage","testCreateProjectInvalidCharsGetMassage",""
"passed","Wed Jun 05 08:52:21 GMT 2024","Wed Jun 05 08:52:23 GMT 2024","1745","Command line suite","Command line test","school.redrover.OrganizationFolderTest","school.redrover.OrganizationFolderTest","testPipelineSyntaxDocumentationAccess","testPipelineSyntaxDocumentationAccess",""
"passed","Wed Jun 05 08:50:46 GMT 2024","Wed Jun 05 08:50:46 GMT 2024","860","Command line suite","Command line test","school.redrover.ManageJenkinsTest","school.redrover.ManageJenkinsTest","testRedirectionToSecurityPage","testRedirectionToSecurityPage",""
"passed","Wed Jun 05 08:49:45 GMT 2024","Wed Jun 05 08:49:51 GMT 2024","6104","Command line suite","Command line test","school.redrover.BuildHistoryTest","school.redrover.BuildHistoryTest","testCheckBuildOnBoard","testCheckBuildOnBoard",""
"passed","Wed Jun 05 08:51:52 GMT 2024","Wed Jun 05 08:51:53 GMT 2024","206","Command line suite","Command line test","school.redrover.NewItemTest","school.redrover.NewItemTest","testInvalidValuesForProjectNameInput","testInvalidValuesForProjectNameInput",""
"passed","Wed Jun 05 08:52:15 GMT 2024","Wed Jun 05 08:52:16 GMT 2024","691","Command line suite","Command line test","school.redrover.OrganizationFolderTest","school.redrover.OrganizationFolderTest","testCreateWithDefaultIcon","testCreateWithDefaultIcon",""
"passed","Wed Jun 05 08:55:55 GMT 2024","Wed Jun 05 08:55:59 GMT 2024","3531","Command line suite","Command line test","school.redrover.PipelineTest","school.redrover.PipelineTest","testDeleteDropdownMenu","testDeleteDropdownMenu",""
"passed","Wed Jun 05 08:53:40 GMT 2024","Wed Jun 05 08:53:40 GMT 2024","84","Command line suite","Command line test","school.redrover.HeaderTest","school.redrover.HeaderTest","testLogout","testLogout",""
"passed","Wed Jun 05 08:50:53 GMT 2024","Wed Jun 05 08:50:54 GMT 2024","651","Command line suite","Command line test","school.redrover.ManageJenkinsTest","school.redrover.ManageJenkinsTest","testSectionNamesOfSecurityBlock","testSectionNamesOfSecurityBlock",""
"passed","Wed Jun 05 08:52:17 GMT 2024","Wed Jun 05 08:52:20 GMT 2024","2818","Command line suite","Command line test","school.redrover.OrganizationFolderTest","school.redrover.OrganizationFolderTest","testDeleteOrganizationFolder","testDeleteOrganizationFolder",""
"unknown","Wed Jun 05 08:45:40 GMT 2024","Wed Jun 05 08:45:40 GMT 2024","0","Command line suite","Command line test","school.redrover.PipelineTest","school.redrover.PipelineTest","testBuildColorGreen","testBuildColorGreen",""
"passed","Wed Jun 05 08:54:04 GMT 2024","Wed Jun 05 08:54:05 GMT 2024","535","Command line suite","Command line test","school.redrover.NodesTest","school.redrover.NodesTest","testSwitchNodeToOfflineStatus","testSwitchNodeToOfflineStatus",""
"passed","Wed Jun 05 08:52:27 GMT 2024","Wed Jun 05 08:52:28 GMT 2024","976","Command line suite","Command line test","school.redrover.OrganizationFolderTest","school.redrover.OrganizationFolderTest","testProjectRecognizersFiltersBordersAreDashed","testProjectRecognizersFiltersBordersAreDashed",""
"passed","Wed Jun 05 08:56:12 GMT 2024","Wed Jun 05 08:56:12 GMT 2024","307","Command line suite","Command line test","school.redrover.PipelineTest","school.redrover.PipelineTest","testEnableBack","testEnableBack",""
"passed","Wed Jun 05 08:52:57 GMT 2024","Wed Jun 05 08:52:58 GMT 2024","1030","Command line suite","Command line test","school.redrover.DashboardTest","school.redrover.DashboardTest","testFolderChevronMenu","testFolderChevronMenu",""
"passed","Wed Jun 05 08:52:08 GMT 2024","Wed Jun 05 08:52:13 GMT 2024","4855","Command line suite","Command line test","school.redrover.OrganizationFolderTest","school.redrover.OrganizationFolderTest","testCatchErrorStepTooltipsViaDashboardDropdown","testCatchErrorStepTooltipsViaDashboardDropdown",""
"passed","Wed Jun 05 08:51:57 GMT 2024","Wed Jun 05 08:52:00 GMT 2024","2369","Command line suite","Command line test","school.redrover.NewItemTest","school.redrover.NewItemTest","testRenameFolder","testRenameFolder",""
"passed","Wed Jun 05 09:00:38 GMT 2024","Wed Jun 05 09:00:38 GMT 2024","925","Command line suite","Command line test","school.redrover.SearchBoxTest","school.redrover.SearchBoxTest","testSearchWithCaseSensitiveOn","testSearchWithCaseSensitiveOn",""
"passed","Wed Jun 05 08:54:22 GMT 2024","Wed Jun 05 08:54:22 GMT 2024","315","Command line suite","Command line test","school.redrover.PipelineTest","school.redrover.PipelineTest","testEditDescription","testEditDescription",""
"passed","Wed Jun 05 08:49:40 GMT 2024","Wed Jun 05 08:49:42 GMT 2024","1435","Command line suite","Command line test","school.redrover.UserTest","school.redrover.UserTest","testRedirectToUserPage","testRedirectToUserPage",""
"passed","Wed Jun 05 08:46:12 GMT 2024","Wed Jun 05 08:46:13 GMT 2024","403","Command line suite","Command line test","school.redrover.FreestyleProjectTest","school.redrover.FreestyleProjectTest","testCreateProjectInvalidCharsDisabledOkButton","testCreateProjectInvalidCharsDisabledOkButton",""
"passed","Wed Jun 05 08:56:12 GMT 2024","Wed Jun 05 08:56:12 GMT 2024","233","Command line suite","Command line test","school.redrover.PipelineTest","school.redrover.PipelineTest","testPermalinksBuildDetails","testPermalinksBuildDetails",""
"passed","Wed Jun 05 08:48:13 GMT 2024","Wed Jun 05 08:48:16 GMT 2024","2578","Command line suite","Command line test","school.redrover.MultiConfigurationProjectTest","school.redrover.MultiConfigurationProjectTest","testMakeCopyMultiConfigurationProject","testMakeCopyMultiConfigurationProject",""
"passed","Wed Jun 05 08:59:17 GMT 2024","Wed Jun 05 08:59:19 GMT 2024","1459","Command line suite","Command line test","school.redrover.ViewsTest","school.redrover.ViewsTest","testAddColumnIntoListView","testAddColumnIntoListView",""
"passed","Wed Jun 05 08:52:31 GMT 2024","Wed Jun 05 08:52:33 GMT 2024","1799","Command line suite","Command line test","school.redrover.OrganizationFolderTest","school.redrover.OrganizationFolderTest","testStrategyPropertiesOrderCanBeChanged","testStrategyPropertiesOrderCanBeChanged",""
"passed","Wed Jun 05 08:58:37 GMT 2024","Wed Jun 05 08:58:38 GMT 2024","134","Command line suite","Command line test","school.redrover.PipelineTest","school.redrover.PipelineTest","testFindPipelineProject","testFindPipelineProject",""
"passed","Wed Jun 05 08:47:51 GMT 2024","Wed Jun 05 08:47:55 GMT 2024","3680","Command line suite","Command line test","school.redrover.MultiConfigurationProjectTest","school.redrover.MultiConfigurationProjectTest","testDeleteMultiConfigurationProjectFromMenu","testDeleteMultiConfigurationProjectFromMenu",""
"passed","Wed Jun 05 08:47:17 GMT 2024","Wed Jun 05 08:47:19 GMT 2024","1177","Command line suite","Command line test","school.redrover.FreestyleProjectTest","school.redrover.FreestyleProjectTest","testDropdownRenameWithEmptyName","testDropdownRenameWithEmptyName",""
"passed","Wed Jun 05 08:47:56 GMT 2024","Wed Jun 05 08:47:57 GMT 2024","1451","Command line suite","Command line test","school.redrover.MultiConfigurationProjectTest","school.redrover.MultiConfigurationProjectTest","testDeleteProjectDescription","testDeleteProjectDescription",""
"passed","Wed Jun 05 08:54:02 GMT 2024","Wed Jun 05 08:54:03 GMT 2024","899","Command line suite","Command line test","school.redrover.NodesTest","school.redrover.NodesTest","testDeletedNodeNotDisplayedInNodesTable","testDeletedNodeNotDisplayedInNodesTable",""
"passed","Wed Jun 05 08:49:55 GMT 2024","Wed Jun 05 08:49:55 GMT 2024","710","Command line suite","Command line test","school.redrover.ManageJenkinsTest","school.redrover.ManageJenkinsTest","testActivatingSearchPressingSlash","testActivatingSearchPressingSlash",""
"passed","Wed Jun 05 08:53:48 GMT 2024","Wed Jun 05 08:53:49 GMT 2024","1054","Command line suite","Command line test","school.redrover.NodesTest","school.redrover.NodesTest","testCreateNewNodeWithDescription","testCreateNewNodeWithDescription",""
"passed","Wed Jun 05 08:55:20 GMT 2024","Wed Jun 05 08:55:21 GMT 2024","610","Command line suite","Command line test","school.redrover.PipelineTest","school.redrover.PipelineTest","testButtonBackgroundColor","testButtonBackgroundColor",""
"unknown","Wed Jun 05 08:45:40 GMT 2024","Wed Jun 05 08:45:40 GMT 2024","0","Command line suite","Command line test","school.redrover.NewItemTest","school.redrover.NewItemTest","testCopyFromExistingJob","testCopyFromExistingJob",""
"passed","Wed Jun 05 09:00:27 GMT 2024","Wed Jun 05 09:00:29 GMT 2024","2089","Command line suite","Command line test","school.redrover.SearchBoxTest","school.redrover.SearchBoxTest","testFindFolderByOneLetter","testFindFolderByOneLetter",""
"passed","Wed Jun 05 08:56:00 GMT 2024","Wed Jun 05 08:56:03 GMT 2024","2870","Command line suite","Command line test","school.redrover.PipelineTest","school.redrover.PipelineTest","testDeleteSidebarMenu","testDeleteSidebarMenu",""
"passed","Wed Jun 05 08:59:12 GMT 2024","Wed Jun 05 08:59:13 GMT 2024","789","Command line suite","Command line test","school.redrover.PipelineTest","school.redrover.PipelineTest","testVisibilityOfDisableButton","testVisibilityOfDisableButton",""
"passed","Wed Jun 05 08:53:54 GMT 2024","Wed Jun 05 08:53:55 GMT 2024","1292","Command line suite","Command line test","school.redrover.NodesTest","school.redrover.NodesTest","testCreateNodeFromManageJenkins","testCreateNodeFromManageJenkins",""
"passed","Wed Jun 05 08:51:05 GMT 2024","Wed Jun 05 08:51:06 GMT 2024","812","Command line suite","Command line test","school.redrover.ManageJenkinsTest","school.redrover.ManageJenkinsTest","testTooltipAppears","testTooltipAppears",""
"passed","Wed Jun 05 08:59:32 GMT 2024","Wed Jun 05 08:59:32 GMT 2024","1","Command line suite","Command line test","school.redrover.runner.order.OrderForTestsTest","school.redrover.runner.order.OrderForTestsTest","orderMethodsTest","orderMethodsTest",""
"passed","Wed Jun 05 08:46:26 GMT 2024","Wed Jun 05 08:46:26 GMT 2024","386","Command line suite","Command line test","school.redrover.FreestyleProjectTest","school.redrover.FreestyleProjectTest","testCreateProjectInvalidCharsDisabledOkButton","testCreateProjectInvalidCharsDisabledOkButton",""
"passed","Wed Jun 05 08:53:38 GMT 2024","Wed Jun 05 08:53:39 GMT 2024","806","Command line suite","Command line test","school.redrover.HeaderTest","school.redrover.HeaderTest","testAccessToManageJenkinsPage","testAccessToManageJenkinsPage",""
"passed","Wed Jun 05 08:52:07 GMT 2024","Wed Jun 05 08:52:08 GMT 2024","708","Command line suite","Command line test","school.redrover.OrganizationFolderTest","school.redrover.OrganizationFolderTest","testCreateViaNewItem","testCreateViaNewItem",""
"passed","Wed Jun 05 08:56:45 GMT 2024","Wed Jun 05 08:56:46 GMT 2024","1479","Command line suite","Command line test","school.redrover.PipelineTest","school.redrover.PipelineTest","testRunByBuildNowButton","testRunByBuildNowButton",""
"passed","Wed Jun 05 08:47:10 GMT 2024","Wed Jun 05 08:47:11 GMT 2024","1046","Command line suite","Command line test","school.redrover.FreestyleProjectTest","school.redrover.FreestyleProjectTest","testDisableProject","testDisableProject",""
"passed","Wed Jun 05 08:52:50 GMT 2024","Wed Jun 05 08:52:51 GMT 2024","732","Command line suite","Command line test","school.redrover.AppearanceTest","school.redrover.AppearanceTest","testDefaultThemeApply","testDefaultThemeApply",""
"passed","Wed Jun 05 08:48:08 GMT 2024","Wed Jun 05 08:48:09 GMT 2024","1516","Command line suite","Command line test","school.redrover.MultiConfigurationProjectTest","school.redrover.MultiConfigurationProjectTest","testEditDescriptionWithoutDelete","testEditDescriptionWithoutDelete",""
"passed","Wed Jun 05 08:50:01 GMT 2024","Wed Jun 05 08:50:03 GMT 2024","2827","Command line suite","Command line test","school.redrover.ManageJenkinsTest","school.redrover.ManageJenkinsTest","testManageJenkinsLinks","testManageJenkinsLinks",""
"passed","Wed Jun 05 08:50:20 GMT 2024","Wed Jun 05 08:50:21 GMT 2024","697","Command line suite","Command line test","school.redrover.ManageJenkinsTest","school.redrover.ManageJenkinsTest","testManageJenkinsLinks","testManageJenkinsLinks",""
"passed","Wed Jun 05 08:47:11 GMT 2024","Wed Jun 05 08:47:16 GMT 2024","5273","Command line suite","Command line test","school.redrover.FreestyleProjectTest","school.redrover.FreestyleProjectTest","testBuildNowProject","testBuildNowProject",""
"passed","Wed Jun 05 08:51:41 GMT 2024","Wed Jun 05 08:51:41 GMT 2024","202","Command line suite","Command line test","school.redrover.NewItemTest","school.redrover.NewItemTest","testInvalidValuesForProjectNameInput","testInvalidValuesForProjectNameInput",""
"unknown","Wed Jun 05 08:45:40 GMT 2024","Wed Jun 05 08:45:40 GMT 2024","0","Command line suite","Command line test","school.redrover.PipelineTest","school.redrover.PipelineTest","testFullStageViewPopUpWindowIsDisplayed","testFullStageViewPopUpWindowIsDisplayed",""
"passed","Wed Jun 05 09:00:32 GMT 2024","Wed Jun 05 09:00:32 GMT 2024","263","Command line suite","Command line test","school.redrover.SearchBoxTest","school.redrover.SearchBoxTest","testSearchResultHeading","testSearchResultHeading",""
"passed","Wed Jun 05 08:56:55 GMT 2024","Wed Jun 05 08:56:56 GMT 2024","1598","Command line suite","Command line test","school.redrover.PipelineTest","school.redrover.PipelineTest","testSetNumberOfBuildsThrottleBuilds","testSetNumberOfBuildsThrottleBuilds",""
"passed","Wed Jun 05 08:46:41 GMT 2024","Wed Jun 05 08:46:41 GMT 2024","272","Command line suite","Command line test","school.redrover.FreestyleProjectTest","school.redrover.FreestyleProjectTest","testCreateProjectInvalidCharsGetMassage","testCreateProjectInvalidCharsGetMassage",""
"passed","Wed Jun 05 09:00:30 GMT 2024","Wed Jun 05 09:00:31 GMT 2024","1057","Command line suite","Command line test","school.redrover.SearchBoxTest","school.redrover.SearchBoxTest","testSearchPipeline","testSearchPipeline",""
"passed","Wed Jun 05 08:53:46 GMT 2024","Wed Jun 05 08:53:47 GMT 2024","445","Command line suite","Command line test","school.redrover.NodesTest","school.redrover.NodesTest","testBuiltInNodeMonitoringDataList","testBuiltInNodeMonitoringDataList",""
"passed","Wed Jun 05 08:47:58 GMT 2024","Wed Jun 05 08:48:02 GMT 2024","3566","Command line suite","Command line test","school.redrover.MultiConfigurationProjectTest","school.redrover.MultiConfigurationProjectTest","testDeleteProjectViaDropdown","testDeleteProjectViaDropdown",""
"passed","Wed Jun 05 08:59:48 GMT 2024","Wed Jun 05 08:59:50 GMT 2024","2229","Command line suite","Command line test","school.redrover.MultibranchPipelineTest","school.redrover.MultibranchPipelineTest","testCreateMultibranchPipelineFromExistingMultibranchPipeline","testCreateMultibranchPipelineFromExistingMultibranchPipeline",""
"passed","Wed Jun 05 08:46:42 GMT 2024","Wed Jun 05 08:46:43 GMT 2024","239","Command line suite","Command line test","school.redrover.FreestyleProjectTest","school.redrover.FreestyleProjectTest","testCreateProjectInvalidCharsGetMassage","testCreateProjectInvalidCharsGetMassage",""
"passed","Wed Jun 05 09:00:18 GMT 2024","Wed Jun 05 09:00:19 GMT 2024","909","Command line suite","Command line test","school.redrover.MultibranchPipelineTest","school.redrover.MultibranchPipelineTest","testRenameProjectWithNameSameAsCurrent","testRenameProjectWithNameSameAsCurrent",""
"passed","Wed Jun 05 08:58:56 GMT 2024","Wed Jun 05 08:58:56 GMT 2024","752","Command line suite","Command line test","school.redrover.PipelineTest","school.redrover.PipelineTest","testVerifyConfigurationPageHaveTooltips","testVerifyConfigurationPageHaveTooltips",""
"passed","Wed Jun 05 08:46:54 GMT 2024","Wed Jun 05 08:46:54 GMT 2024","379","Command line suite","Command line test","school.redrover.FreestyleProjectTest","school.redrover.FreestyleProjectTest","testCreateProjectInvalidCharsGetMassage","testCreateProjectInvalidCharsGetMassage",""
"passed","Wed Jun 05 08:51:38 GMT 2024","Wed Jun 05 08:51:39 GMT 2024","198","Command line suite","Command line test","school.redrover.NewItemTest","school.redrover.NewItemTest","testInvalidValuesForProjectNameInput","testInvalidValuesForProjectNameInput",""
"passed","Wed Jun 05 08:49:35 GMT 2024","Wed Jun 05 08:49:37 GMT 2024","1322","Command line suite","Command line test","school.redrover.UserTest","school.redrover.UserTest","testRedirectToUserPage","testRedirectToUserPage",""
"passed","Wed Jun 05 08:53:32 GMT 2024","Wed Jun 05 08:53:34 GMT 2024","1957","Command line suite","Command line test","school.redrover.FolderTest","school.redrover.FolderTest","testMoveFolderToFolderViaChevron","testMoveFolderToFolderViaChevron",""
"passed","Wed Jun 05 08:52:36 GMT 2024","Wed Jun 05 08:52:38 GMT 2024","1580","Command line suite","Command line test","school.redrover.OrganizationFolderTest","school.redrover.OrganizationFolderTest","testUntrustedPropertyCheckboxesSelectedUponSaving","testUntrustedPropertyCheckboxesSelectedUponSaving",""
"passed","Wed Jun 05 08:53:02 GMT 2024","Wed Jun 05 08:53:03 GMT 2024","1035","Command line suite","Command line test","school.redrover.DashboardTest","school.redrover.DashboardTest","testMultibranchPipelineChevronMenu","testMultibranchPipelineChevronMenu",""
"passed","Wed Jun 05 08:56:49 GMT 2024","Wed Jun 05 08:56:51 GMT 2024","1135","Command line suite","Command line test","school.redrover.PipelineTest","school.redrover.PipelineTest","testSectionsOfSidePanelAreVisible","testSectionsOfSidePanelAreVisible",""
"passed","Wed Jun 05 08:51:10 GMT 2024","Wed Jun 05 08:51:11 GMT 2024","889","Command line suite","Command line test","school.redrover.NewItemTest","school.redrover.NewItemTest","testCreateItemForStandaloneOrNestedProjects","testCreateItemForStandaloneOrNestedProjects",""
"passed","Wed Jun 05 08:49:06 GMT 2024","Wed Jun 05 08:49:07 GMT 2024","1095","Command line suite","Command line test","school.redrover.FooterTest","school.redrover.FooterTest","testJenkinsInformationFooter","testJenkinsInformationFooter","Check tab bar menu items on the 'About Jenkins' page"
"passed","Wed Jun 05 08:59:20 GMT 2024","Wed Jun 05 08:59:22 GMT 2024","2027","Command line suite","Command line test","school.redrover.ViewsTest","school.redrover.ViewsTest","testAddColumnToPipelineView","testAddColumnToPipelineView",""
"passed","Wed Jun 05 08:48:11 GMT 2024","Wed Jun 05 08:48:12 GMT 2024","1192","Command line suite","Command line test","school.redrover.MultiConfigurationProjectTest","school.redrover.MultiConfigurationProjectTest","testMCPDisableByToggle","testMCPDisableByToggle",""
"passed","Wed Jun 05 08:59:39 GMT 2024","Wed Jun 05 08:59:43 GMT 2024","3747","Command line suite","Command line test","school.redrover.runner.CucumberTest","school.redrover.runner.CucumberTest","runScenario","Runs Cucumber Scenarios",""
"passed","Wed Jun 05 08:53:11 GMT 2024","Wed Jun 05 08:53:11 GMT 2024","151","Command line suite","Command line test","school.redrover.DashboardTest","school.redrover.DashboardTest","testStartPageHeading","testStartPageHeading",""
"passed","Wed Jun 05 08:46:07 GMT 2024","Wed Jun 05 08:46:07 GMT 2024","248","Command line suite","Command line test","school.redrover.FreestyleProjectTest","school.redrover.FreestyleProjectTest","testCreateProjectInvalidCharsDisabledOkButton","testCreateProjectInvalidCharsDisabledOkButton",""
"passed","Wed Jun 05 08:59:03 GMT 2024","Wed Jun 05 08:59:04 GMT 2024","891","Command line suite","Command line test","school.redrover.PipelineTest","school.redrover.PipelineTest","testVerifyNewPPCreatedByCreateJob","testVerifyNewPPCreatedByCreateJob",""
"passed","Wed Jun 05 08:50:18 GMT 2024","Wed Jun 05 08:50:19 GMT 2024","674","Command line suite","Command line test","school.redrover.ManageJenkinsTest","school.redrover.ManageJenkinsTest","testManageJenkinsLinks","testManageJenkinsLinks",""
"passed","Wed Jun 05 09:00:13 GMT 2024","Wed Jun 05 09:00:14 GMT 2024","1018","Command line suite","Command line test","school.redrover.MultibranchPipelineTest","school.redrover.MultibranchPipelineTest","testRenameMultibranchPipelineViaSideBar","testRenameMultibranchPipelineViaSideBar",""
"unknown","Wed Jun 05 08:45:40 GMT 2024","Wed Jun 05 08:45:40 GMT 2024","0","Command line suite","Command line test","school.redrover.APITest","school.redrover.APITest","httpTest","httpTest",""
"passed","Wed Jun 05 08:53:08 GMT 2024","Wed Jun 05 08:53:08 GMT 2024","160","Command line suite","Command line test","school.redrover.DashboardTest","school.redrover.DashboardTest","testSortItemsByNameInTable","testSortItemsByNameInTable",""
"passed","Wed Jun 05 08:54:08 GMT 2024","Wed Jun 05 08:54:18 GMT 2024","9868","Command line suite","Command line test","school.redrover.NodesTest","school.redrover.NodesTest","testTooltipConfigureNodePage","testTooltipConfigureNodePage",""
"passed","Wed Jun 05 08:46:51 GMT 2024","Wed Jun 05 08:46:51 GMT 2024","244","Command line suite","Command line test","school.redrover.FreestyleProjectTest","school.redrover.FreestyleProjectTest","testCreateProjectInvalidCharsGetMassage","testCreateProjectInvalidCharsGetMassage",""
"passed","Wed Jun 05 08:46:21 GMT 2024","Wed Jun 05 08:46:22 GMT 2024","392","Command line suite","Command line test","school.redrover.FreestyleProjectTest","school.redrover.FreestyleProjectTest","testCreateProjectInvalidCharsDisabledOkButton","testCreateProjectInvalidCharsDisabledOkButton",""
"passed","Wed Jun 05 09:00:23 GMT 2024","Wed Jun 05 09:00:24 GMT 2024","317","Command line suite","Command line test","school.redrover.APIJenkinsJobsTest","school.redrover.APIJenkinsJobsTest","testCreateNewJob","testCreateNewJob",""
"passed","Wed Jun 05 08:52:41 GMT 2024","Wed Jun 05 08:52:42 GMT 2024","904","Command line suite","Command line test","school.redrover.AppearanceTest","school.redrover.AppearanceTest","testDarkThemeApply","testDarkThemeApply",""
"passed","Wed Jun 05 08:46:35 GMT 2024","Wed Jun 05 08:46:35 GMT 2024","388","Command line suite","Command line test","school.redrover.FreestyleProjectTest","school.redrover.FreestyleProjectTest","testCreateProjectInvalidCharsGetMassage","testCreateProjectInvalidCharsGetMassage",""
"passed","Wed Jun 05 08:53:26 GMT 2024","Wed Jun 05 08:53:28 GMT 2024","1623","Command line suite","Command line test","school.redrover.FolderTest","school.redrover.FolderTest","testFolderMovedIntoAnotherFolderViaBreadcrumbs","testFolderMovedIntoAnotherFolderViaBreadcrumbs",""
"passed","Wed Jun 05 08:52:34 GMT 2024","Wed Jun 05 08:52:35 GMT 2024","909","Command line suite","Command line test","school.redrover.OrganizationFolderTest","school.redrover.OrganizationFolderTest","testThrottleBuildsTimePeriodOptions","testThrottleBuildsTimePeriodOptions",""
"passed","Wed Jun 05 08:56:28 GMT 2024","Wed Jun 05 08:56:30 GMT 2024","1536","Command line suite","Command line test","school.redrover.PipelineTest","school.redrover.PipelineTest","testFullStageViewDropDownMenu","testFullStageViewDropDownMenu",""
"passed","Wed Jun 05 08:47:22 GMT 2024","Wed Jun 05 08:47:24 GMT 2024","1708","Command line suite","Command line test","school.redrover.FreestyleProjectTest","school.redrover.FreestyleProjectTest","testMoveFreestyleProjectToFolderViaSideBar","testMoveFreestyleProjectToFolderViaSideBar",""
"passed","Wed Jun 05 08:46:20 GMT 2024","Wed Jun 05 08:46:20 GMT 2024","296","Command line suite","Command line test","school.redrover.FreestyleProjectTest","school.redrover.FreestyleProjectTest","testCreateProjectInvalidCharsDisabledOkButton","testCreateProjectInvalidCharsDisabledOkButton",""
"passed","Wed Jun 05 08:51:54 GMT 2024","Wed Jun 05 08:51:55 GMT 2024","1338","Command line suite","Command line test","school.redrover.NewItemTest","school.redrover.NewItemTest","testMessageWhenCreateItemUsingSpecialCharactersInName","testMessageWhenCreateItemUsingSpecialCharactersInName",""
"passed","Wed Jun 05 08:59:24 GMT 2024","Wed Jun 05 08:59:26 GMT 2024","1547","Command line suite","Command line test","school.redrover.ViewsTest","school.redrover.ViewsTest","testDisplayViewWithListViewConstraints","testDisplayViewWithListViewConstraints",""
"passed","Wed Jun 05 08:46:29 GMT 2024","Wed Jun 05 08:46:29 GMT 2024","424","Command line suite","Command line test","school.redrover.FreestyleProjectTest","school.redrover.FreestyleProjectTest","testCreateProjectInvalidCharsDisabledOkButton","testCreateProjectInvalidCharsDisabledOkButton",""
"passed","Wed Jun 05 08:46:11 GMT 2024","Wed Jun 05 08:46:11 GMT 2024","269","Command line suite","Command line test","school.redrover.FreestyleProjectTest","school.redrover.FreestyleProjectTest","testCreateProjectInvalidCharsDisabledOkButton","testCreateProjectInvalidCharsDisabledOkButton",""
"passed","Wed Jun 05 08:59:44 GMT 2024","Wed Jun 05 08:59:47 GMT 2024","2661","Command line suite","Command line test","school.redrover.MultibranchPipelineTest","school.redrover.MultibranchPipelineTest","testChangeFromDisabledToEnabledOnStatusPage","testChangeFromDisabledToEnabledOnStatusPage",""
"passed","Wed Jun 05 08:59:14 GMT 2024","Wed Jun 05 08:59:16 GMT 2024","1688","Command line suite","Command line test","school.redrover.PipelineTest","school.redrover.PipelineTest","testYesButtonColorDeletingPipelineInSidebar","testYesButtonColorDeletingPipelineInSidebar",""
"passed","Wed Jun 05 08:46:14 GMT 2024","Wed Jun 05 08:46:14 GMT 2024","422","Command line suite","Command line test","school.redrover.FreestyleProjectTest","school.redrover.FreestyleProjectTest","testCreateProjectInvalidCharsDisabledOkButton","testCreateProjectInvalidCharsDisabledOkButton",""
"passed","Wed Jun 05 08:51:15 GMT 2024","Wed Jun 05 08:51:15 GMT 2024","352","Command line suite","Command line test","school.redrover.NewItemTest","school.redrover.NewItemTest","testCreateItemWithoutSelectedItemType","testCreateItemWithoutSelectedItemType",""
"passed","Wed Jun 05 08:57:03 GMT 2024","Wed Jun 05 08:57:05 GMT 2024","2376","Command line suite","Command line test","school.redrover.PipelineTest","school.redrover.PipelineTest","testSetQuietPeriodBuildTriggersMoreThanZero","testSetQuietPeriodBuildTriggersMoreThanZero",""
"passed","Wed Jun 05 08:50:17 GMT 2024","Wed Jun 05 08:50:17 GMT 2024","805","Command line suite","Command line test","school.redrover.ManageJenkinsTest","school.redrover.ManageJenkinsTest","testManageJenkinsLinks","testManageJenkinsLinks",""
"passed","Wed Jun 05 08:52:08 GMT 2024","Wed Jun 05 08:52:08 GMT 2024","358","Command line suite","Command line test","school.redrover.OrganizationFolderTest","school.redrover.OrganizationFolderTest","testPipelineSyntaxSidebarList","testPipelineSyntaxSidebarList",""
"passed","Wed Jun 05 08:50:14 GMT 2024","Wed Jun 05 08:50:15 GMT 2024","992","Command line suite","Command line test","school.redrover.ManageJenkinsTest","school.redrover.ManageJenkinsTest","testManageJenkinsLinks","testManageJenkinsLinks",""
"passed","Wed Jun 05 08:50:09 GMT 2024","Wed Jun 05 08:50:10 GMT 2024","676","Command line suite","Command line test","school.redrover.ManageJenkinsTest","school.redrover.ManageJenkinsTest","testManageJenkinsLinks","testManageJenkinsLinks",""
"passed","Wed Jun 05 08:56:52 GMT 2024","Wed Jun 05 08:56:54 GMT 2024","1933","Command line suite","Command line test","school.redrover.PipelineTest","school.redrover.PipelineTest","testSetDoubleQuietPeriodBuildTriggers","testSetDoubleQuietPeriodBuildTriggers",""
"passed","Wed Jun 05 08:53:56 GMT 2024","Wed Jun 05 08:53:57 GMT 2024","713","Command line suite","Command line test","school.redrover.NodesTest","school.redrover.NodesTest","testCreatedNodeIsInNodesTable","testCreatedNodeIsInNodesTable",""
"passed","Wed Jun 05 08:47:44 GMT 2024","Wed Jun 05 08:47:46 GMT 2024","1598","Command line suite","Command line test","school.redrover.MultiConfigurationProjectTest","school.redrover.MultiConfigurationProjectTest","testAddDescription","testAddDescription",""
"passed","Wed Jun 05 08:53:50 GMT 2024","Wed Jun 05 08:53:51 GMT 2024","958","Command line suite","Command line test","school.redrover.NodesTest","school.redrover.NodesTest","testCreateNewNodeWithInvalidData","testCreateNewNodeWithInvalidData",""
"passed","Wed Jun 05 08:47:47 GMT 2024","Wed Jun 05 08:47:48 GMT 2024","821","Command line suite","Command line test","school.redrover.MultiConfigurationProjectTest","school.redrover.MultiConfigurationProjectTest","testCreateMCProject","testCreateMCProject",""
"passed","Wed Jun 05 08:48:05 GMT 2024","Wed Jun 05 08:48:06 GMT 2024","1052","Command line suite","Command line test","school.redrover.MultiConfigurationProjectTest","school.redrover.MultiConfigurationProjectTest","testDisableProjectOnProjectPage","testDisableProjectOnProjectPage",""
"passed","Wed Jun 05 08:53:00 GMT 2024","Wed Jun 05 08:53:01 GMT 2024","1190","Command line suite","Command line test","school.redrover.DashboardTest","school.redrover.DashboardTest","testPipelineChevronMenu","testPipelineChevronMenu",""
"passed","Wed Jun 05 09:00:33 GMT 2024","Wed Jun 05 09:00:35 GMT 2024","1258","Command line suite","Command line test","school.redrover.SearchBoxTest","school.redrover.SearchBoxTest","testSearchUsingSuggestList","testSearchUsingSuggestList",""
"passed","Wed Jun 05 08:53:35 GMT 2024","Wed Jun 05 08:53:36 GMT 2024","934","Command line suite","Command line test","school.redrover.FolderTest","school.redrover.FolderTest","testRenameFolderViaSidebarMenu","testRenameFolderViaSidebarMenu",""
"passed","Wed Jun 05 09:00:20 GMT 2024","Wed Jun 05 09:00:21 GMT 2024","837","Command line suite","Command line test","school.redrover.MultibranchPipelineTest","school.redrover.MultibranchPipelineTest","testVerifyProjectSidebarMenuList","testVerifyProjectSidebarMenuList",""
"passed","Wed Jun 05 08:50:28 GMT 2024","Wed Jun 05 08:50:29 GMT 2024","1226","Command line suite","Command line test","school.redrover.ManageJenkinsTest","school.redrover.ManageJenkinsTest","testManageJenkinsLinks","testManageJenkinsLinks",""
"passed","Wed Jun 05 08:51:37 GMT 2024","Wed Jun 05 08:51:37 GMT 2024","356","Command line suite","Command line test","school.redrover.NewItemTest","school.redrover.NewItemTest","testInvalidValuesForProjectNameInput","testInvalidValuesForProjectNameInput",""
"passed","Wed Jun 05 08:50:07 GMT 2024","Wed Jun 05 08:50:08 GMT 2024","956","Command line suite","Command line test","school.redrover.ManageJenkinsTest","school.redrover.ManageJenkinsTest","testManageJenkinsLinks","testManageJenkinsLinks",""
"passed","Wed Jun 05 08:45:55 GMT 2024","Wed Jun 05 08:45:56 GMT 2024","927","Command line suite","Command line test","school.redrover.FreestyleProjectTest","school.redrover.FreestyleProjectTest","testCreateProject","description inside @Test(replaces test name)","Verify Create Freestyle Project(Description inside Overview))"
"passed","Wed Jun 05 08:45:58 GMT 2024","Wed Jun 05 08:45:58 GMT 2024","347","Command line suite","Command line test","school.redrover.FreestyleProjectTest","school.redrover.FreestyleProjectTest","testCreateProjectEmptyName","testCreateProjectEmptyName",""
"passed","Wed Jun 05 08:51:22 GMT 2024","Wed Jun 05 08:51:28 GMT 2024","5958","Command line suite","Command line test","school.redrover.NewItemTest","school.redrover.NewItemTest","testDropdownNamesMenuContentWhenCopyProject","testDropdownNamesMenuContentWhenCopyProject",""
"passed","Wed Jun 05 09:00:09 GMT 2024","Wed Jun 05 09:00:10 GMT 2024","1383","Command line suite","Command line test","school.redrover.MultibranchPipelineTest","school.redrover.MultibranchPipelineTest","testMultibranchSidebarTasksUponCreatingViaFolder","testMultibranchSidebarTasksUponCreatingViaFolder",""
"unknown","Wed Jun 05 08:45:40 GMT 2024","Wed Jun 05 08:45:40 GMT 2024","1","Command line suite","Command line test","school.redrover.APITest","school.redrover.APITest","restAssuredTest","restAssuredTest",""
"passed","Wed Jun 05 08:47:05 GMT 2024","Wed Jun 05 08:47:08 GMT 2024","3474","Command line suite","Command line test","school.redrover.FreestyleProjectTest","school.redrover.FreestyleProjectTest","testDeleteUsingDropdown","testDeleteUsingDropdown",""
"passed","Wed Jun 05 08:52:13 GMT 2024","Wed Jun 05 08:52:13 GMT 2024","244","Command line suite","Command line test","school.redrover.OrganizationFolderTest","school.redrover.OrganizationFolderTest","testSidebarMenuVisibility","testSidebarMenuVisibility",""
"passed","Wed Jun 05 08:51:08 GMT 2024","Wed Jun 05 08:51:09 GMT 2024","412","Command line suite","Command line test","school.redrover.NewItemTest","school.redrover.NewItemTest","testCreateItemEmptyNameNegative","testCreateItemEmptyNameNegative",""
"passed","Wed Jun 05 08:59:34 GMT 2024","Wed Jun 05 08:59:36 GMT 2024","1768","Command line suite","Command line test","school.redrover.runner.CucumberTest","school.redrover.runner.CucumberTest","runScenario","Runs Cucumber Scenarios",""
"passed","Wed Jun 05 08:53:08 GMT 2024","Wed Jun 05 08:53:08 GMT 2024","250","Command line suite","Command line test","school.redrover.DashboardTest","school.redrover.DashboardTest","testEditDescriptionOnDashboard","testEditDescriptionOnDashboard",""
"passed","Wed Jun 05 08:53:21 GMT 2024","Wed Jun 05 08:53:21 GMT 2024","860","Command line suite","Command line test","school.redrover.FolderTest","school.redrover.FolderTest","testCreateFreeStyleProjectInsideRootFolder","testCreateFreeStyleProjectInsideRootFolder",""
"passed","Wed Jun 05 09:00:14 GMT 2024","Wed Jun 05 09:00:17 GMT 2024","2756","Command line suite","Command line test","school.redrover.MultibranchPipelineTest","school.redrover.MultibranchPipelineTest","testDeleteMpViaBreadcrumbs","testDeleteMpViaBreadcrumbs",""
"passed","Wed Jun 05 08:56:09 GMT 2024","Wed Jun 05 08:56:09 GMT 2024","796","Command line suite","Command line test","school.redrover.PipelineTest","school.redrover.PipelineTest","testDisableItem","testDisableItem",""
"passed","Wed Jun 05 08:46:32 GMT 2024","Wed Jun 05 08:46:32 GMT 2024","376","Command line suite","Command line test","school.redrover.FreestyleProjectTest","school.redrover.FreestyleProjectTest","testCreateProjectInvalidCharsGetMassage","testCreateProjectInvalidCharsGetMassage",""
"passed","Wed Jun 05 08:51:56 GMT 2024","Wed Jun 05 08:51:56 GMT 2024","162","Command line suite","Command line test","school.redrover.NewItemTest","school.redrover.NewItemTest","testOpenCreateNewItemPage","testOpenCreateNewItemPage",""
"passed","Wed Jun 05 08:52:13 GMT 2024","Wed Jun 05 08:52:14 GMT 2024","310","Command line suite","Command line test","school.redrover.OrganizationFolderTest","school.redrover.OrganizationFolderTest","testScanOrganizationFolder","testScanOrganizationFolder",""
"passed","Wed Jun 05 08:49:16 GMT 2024","Wed Jun 05 08:49:17 GMT 2024","1022","Command line suite","Command line test","school.redrover.UserTest","school.redrover.UserTest","testCreateUserViaManageJenkins","testCreateUserViaManageJenkins",""
"passed","Wed Jun 05 08:55:04 GMT 2024","Wed Jun 05 08:55:08 GMT 2024","3945","Command line suite","Command line test","school.redrover.PipelineTest","school.redrover.PipelineTest","testBuildHistoryEmptyUponPipelineRemoval","testBuildHistoryEmptyUponPipelineRemoval",""
"passed","Wed Jun 05 08:58:50 GMT 2024","Wed Jun 05 08:58:51 GMT 2024","879","Command line suite","Command line test","school.redrover.PipelineTest","school.redrover.PipelineTest","testVerifyConfigurationPageHaveTooltips","testVerifyConfigurationPageHaveTooltips",""
"passed","Wed Jun 05 08:51:43 GMT 2024","Wed Jun 05 08:51:43 GMT 2024","219","Command line suite","Command line test","school.redrover.NewItemTest","school.redrover.NewItemTest","testInvalidValuesForProjectNameInput","testInvalidValuesForProjectNameInput",""
"passed","Wed Jun 05 08:56:04 GMT 2024","Wed Jun 05 08:56:08 GMT 2024","3774","Command line suite","Command line test","school.redrover.PipelineTest","school.redrover.PipelineTest","testDeleteViaBreadcrumbs","testDeleteViaBreadcrumbs",""
"passed","Wed Jun 05 09:00:24 GMT 2024","Wed Jun 05 09:00:24 GMT 2024","152","Command line suite","Command line test","school.redrover.APIJenkinsJobsTest","school.redrover.APIJenkinsJobsTest","testCrumbAndToken","testCrumbAndToken",""
"passed","Wed Jun 05 08:49:08 GMT 2024","Wed Jun 05 08:49:08 GMT 2024","215","Command line suite","Command line test","school.redrover.FooterTest","school.redrover.FooterTest","testLinkButtonsListInVersionDropDown","testLinkButtonsListInVersionDropDown","Check a drop-down list upon clicking on the 'Jenkins 2.440.2' button"
"passed","Wed Jun 05 08:56:10 GMT 2024","Wed Jun 05 08:56:12 GMT 2024","2061","Command line suite","Command line test","school.redrover.PipelineTest","school.redrover.PipelineTest","testPipelineNotActive","testPipelineNotActive",""
"passed","Wed Jun 05 08:50:57 GMT 2024","Wed Jun 05 08:50:58 GMT 2024","1104","Command line suite","Command line test","school.redrover.ManageJenkinsTest","school.redrover.ManageJenkinsTest","testSecurityBlockSectionsClickable","testSecurityBlockSectionsClickable",""
"passed","Wed Jun 05 08:50:35 GMT 2024","Wed Jun 05 08:50:36 GMT 2024","756","Command line suite","Command line test","school.redrover.ManageJenkinsTest","school.redrover.ManageJenkinsTest","testManageJenkinsLinks","testManageJenkinsLinks",""
"passed","Wed Jun 05 08:51:36 GMT 2024","Wed Jun 05 08:51:36 GMT 2024","327","Command line suite","Command line test","school.redrover.NewItemTest","school.redrover.NewItemTest","testInvalidValuesForProjectNameInput","testInvalidValuesForProjectNameInput",""
"passed","Wed Jun 05 08:59:29 GMT 2024","Wed Jun 05 08:59:32 GMT 2024","2551","Command line suite","Command line test","school.redrover.ViewsTest","school.redrover.ViewsTest","testItemsInViewsSortedAlphabeticallyByDefault","testItemsInViewsSortedAlphabeticallyByDefault",""
"passed","Wed Jun 05 08:45:51 GMT 2024","Wed Jun 05 08:45:54 GMT 2024","2440","Command line suite","Command line test","school.redrover.FreestyleProjectTest","school.redrover.FreestyleProjectTest","testCopyFromContainer","testCopyFromContainer",""
"passed","Wed Jun 05 09:00:24 GMT 2024","Wed Jun 05 09:00:24 GMT 2024","84","Command line suite","Command line test","school.redrover.APIJenkinsJobsTest","school.redrover.APIJenkinsJobsTest","testGetJobs","testGetJobs",""
"passed","Wed Jun 05 08:59:53 GMT 2024","Wed Jun 05 08:59:54 GMT 2024","378","Command line suite","Command line test","school.redrover.MultibranchPipelineTest","school.redrover.MultibranchPipelineTest","testCreateProjectWithEmptyName","testCreateProjectWithEmptyName",""
"passed","Wed Jun 05 08:51:28 GMT 2024","Wed Jun 05 08:51:29 GMT 2024","1291","Command line suite","Command line test","school.redrover.NewItemTest","school.redrover.NewItemTest","testCopyFromNotExistingJob","testCopyFromNotExistingJob",""
"passed","Wed Jun 05 08:50:39 GMT 2024","Wed Jun 05 08:50:42 GMT 2024","3042","Command line suite","Command line test","school.redrover.ManageJenkinsTest","school.redrover.ManageJenkinsTest","testRedirectionByClickingSecurityBlockSections","testRedirectionByClickingSecurityBlockSections",""
"passed","Wed Jun 05 08:50:22 GMT 2024","Wed Jun 05 08:50:23 GMT 2024","805","Command line suite","Command line test","school.redrover.ManageJenkinsTest","school.redrover.ManageJenkinsTest","testManageJenkinsLinks","testManageJenkinsLinks",""
"passed","Wed Jun 05 08:59:51 GMT 2024","Wed Jun 05 08:59:52 GMT 2024","766","Command line suite","Command line test","school.redrover.MultibranchPipelineTest","school.redrover.MultibranchPipelineTest","testCreateProjectViaSidebarMenu","testCreateProjectViaSidebarMenu",""
"passed","Wed Jun 05 08:59:32 GMT 2024","Wed Jun 05 08:59:32 GMT 2024","0","Command line suite","Command line test","school.redrover.runner.order.OrderForTestsTest","school.redrover.runner.order.OrderForTestsTest","orderMethodsCycleDepTest","orderMethodsCycleDepTest",""
"passed","Wed Jun 05 08:50:24 GMT 2024","Wed Jun 05 08:50:24 GMT 2024","571","Command line suite","Command line test","school.redrover.ManageJenkinsTest","school.redrover.ManageJenkinsTest","testManageJenkinsLinks","testManageJenkinsLinks",""
"passed","Wed Jun 05 08:53:15 GMT 2024","Wed Jun 05 08:53:16 GMT 2024","227","Command line suite","Command line test","school.redrover.FolderTest","school.redrover.FolderTest","testChangeDescription","testChangeDescription",""
"passed","Wed Jun 05 08:52:02 GMT 2024","Wed Jun 05 08:52:06 GMT 2024","3573","Command line suite","Command line test","school.redrover.OrganizationFolderTest","school.redrover.OrganizationFolderTest","testAnchorLinksLeadToCorrespondingBlocks","testAnchorLinksLeadToCorrespondingBlocks",""
"passed","Wed Jun 05 08:48:17 GMT 2024","Wed Jun 05 08:48:19 GMT 2024","1827","Command line suite","Command line test","school.redrover.MultiConfigurationProjectTest","school.redrover.MultiConfigurationProjectTest","testMoveProjectToFolderFromDashboardPage","testMoveProjectToFolderFromDashboardPage",""
"passed","Wed Jun 05 08:59:32 GMT 2024","Wed Jun 05 08:59:32 GMT 2024","0","Command line suite","Command line test","school.redrover.runner.order.OrderForTestsTest","school.redrover.runner.order.OrderForTestsTest","orderMethodsForkUpDepTest","orderMethodsForkUpDepTest",""
"passed","Wed Jun 05 09:00:02 GMT 2024","Wed Jun 05 09:00:03 GMT 2024","817","Command line suite","Command line test","school.redrover.MultibranchPipelineTest","school.redrover.MultibranchPipelineTest","testDisabledTooltip","testDisabledTooltip",""
"passed","Wed Jun 05 08:48:12 GMT 2024","Wed Jun 05 08:48:12 GMT 2024","515","Command line suite","Command line test","school.redrover.MultiConfigurationProjectTest","school.redrover.MultiConfigurationProjectTest","testCheckTooltipEnablingMCP","testCheckTooltipEnablingMCP",""
"passed","Wed Jun 05 08:50:59 GMT 2024","Wed Jun 05 08:51:00 GMT 2024","750","Command line suite","Command line test","school.redrover.ManageJenkinsTest","school.redrover.ManageJenkinsTest","testSystemInformationBlockTitlesAndDescriptions","testSystemInformationBlockTitlesAndDescriptions",""
"passed","Wed Jun 05 08:54:26 GMT 2024","Wed Jun 05 08:54:27 GMT 2024","613","Command line suite","Command line test","school.redrover.PipelineTest","school.redrover.PipelineTest","testEditDisplayNameInAdvancedSection","testEditDisplayNameInAdvancedSection",""
"passed","Wed Jun 05 08:48:24 GMT 2024","Wed Jun 05 08:48:26 GMT 2024","2494","Command line suite","Command line test","school.redrover.MultiConfigurationProjectTest","school.redrover.MultiConfigurationProjectTest","testRenameProjectViaMainPageDropdown","testRenameProjectViaMainPageDropdown",""
"passed","Wed Jun 05 08:59:27 GMT 2024","Wed Jun 05 08:59:28 GMT 2024","1471","Command line suite","Command line test","school.redrover.ViewsTest","school.redrover.ViewsTest","testGoToMyViewsFromUsernameDropdown","testGoToMyViewsFromUsernameDropdown",""
"passed","Wed Jun 05 08:59:32 GMT 2024","Wed Jun 05 08:59:32 GMT 2024","0","Command line suite","Command line test","school.redrover.runner.order.OrderForTestsTest","school.redrover.runner.order.OrderForTestsTest","orderMethodsForkDownDepTest","orderMethodsForkDownDepTest",""
"passed","Wed Jun 05 08:46:17 GMT 2024","Wed Jun 05 08:46:17 GMT 2024","448","Command line suite","Command line test","school.redrover.FreestyleProjectTest","school.redrover.FreestyleProjectTest","testCreateProjectInvalidCharsDisabledOkButton","testCreateProjectInvalidCharsDisabledOkButton",""
"passed","Wed Jun 05 08:52:52 GMT 2024","Wed Jun 05 08:52:53 GMT 2024","754","Command line suite","Command line test","school.redrover.AppearanceTest","school.redrover.AppearanceTest","testSystemThemeApply","testSystemThemeApply",""
"passed","Wed Jun 05 08:51:49 GMT 2024","Wed Jun 05 08:51:50 GMT 2024","372","Command line suite","Command line test","school.redrover.NewItemTest","school.redrover.NewItemTest","testInvalidValuesForProjectNameInput","testInvalidValuesForProjectNameInput",""
"passed","Wed Jun 05 08:49:38 GMT 2024","Wed Jun 05 08:49:39 GMT 2024","1472","Command line suite","Command line test","school.redrover.UserTest","school.redrover.UserTest","testRedirectToUserPage","testRedirectToUserPage",""
"passed","Wed Jun 05 08:46:48 GMT 2024","Wed Jun 05 08:46:48 GMT 2024","298","Command line suite","Command line test","school.redrover.FreestyleProjectTest","school.redrover.FreestyleProjectTest","testCreateProjectInvalidCharsGetMassage","testCreateProjectInvalidCharsGetMassage",""
"passed","Wed Jun 05 08:46:24 GMT 2024","Wed Jun 05 08:46:25 GMT 2024","393","Command line suite","Command line test","school.redrover.FreestyleProjectTest","school.redrover.FreestyleProjectTest","testCreateProjectInvalidCharsDisabledOkButton","testCreateProjectInvalidCharsDisabledOkButton",""
"passed","Wed Jun 05 08:52:24 GMT 2024","Wed Jun 05 08:52:26 GMT 2024","1714","Command line suite","Command line test","school.redrover.OrganizationFolderTest","school.redrover.OrganizationFolderTest","testPipelineSyntaxExamplesAccess","testPipelineSyntaxExamplesAccess",""
"passed","Wed Jun 05 08:53:45 GMT 2024","Wed Jun 05 08:53:45 GMT 2024","568","Command line suite","Command line test","school.redrover.HeaderTest","school.redrover.HeaderTest","testWarningsSettingPage","testWarningsSettingPage",""
"passed","Wed Jun 05 08:59:32 GMT 2024","Wed Jun 05 08:59:32 GMT 2024","0","Command line suite","Command line test","school.redrover.runner.order.OrderForTestsTest","school.redrover.runner.order.OrderForTestsTest","orderMethodsNoDepTest","orderMethodsNoDepTest",""
"passed","Wed Jun 05 08:53:43 GMT 2024","Wed Jun 05 08:53:44 GMT 2024","137","Command line suite","Command line test","school.redrover.HeaderTest","school.redrover.HeaderTest","testTooltipAccessible","testTooltipAccessible",""
"passed","Wed Jun 05 08:55:22 GMT 2024","Wed Jun 05 08:55:23 GMT 2024","1131","Command line suite","Command line test","school.redrover.PipelineTest","school.redrover.PipelineTest","testChangesPageHeading","testChangesPageHeading",""
"passed","Wed Jun 05 08:46:38 GMT 2024","Wed Jun 05 08:46:38 GMT 2024","392","Command line suite","Command line test","school.redrover.FreestyleProjectTest","school.redrover.FreestyleProjectTest","testCreateProjectInvalidCharsGetMassage","testCreateProjectInvalidCharsGetMassage",""
"passed","Wed Jun 05 08:54:30 GMT 2024","Wed Jun 05 08:54:32 GMT 2024","2495","Command line suite","Command line test","school.redrover.PipelineTest","school.redrover.PipelineTest","testColorWhenHoveringMouseOnFullStageViewButton","testColorWhenHoveringMouseOnFullStageViewButton",""
"passed","Wed Jun 05 08:58:39 GMT 2024","Wed Jun 05 08:58:40 GMT 2024","837","Command line suite","Command line test","school.redrover.PipelineTest","school.redrover.PipelineTest","testVerifyConfigurationPageHaveTooltips","testVerifyConfigurationPageHaveTooltips",""
"passed","Wed Jun 05 08:47:35 GMT 2024","Wed Jun 05 08:47:36 GMT 2024","1217","Command line suite","Command line test","school.redrover.FreestyleProjectTest","school.redrover.FreestyleProjectTest","testRenameProjectViaDropdown","testRenameProjectViaDropdown",""
"passed","Wed Jun 05 08:53:15 GMT 2024","Wed Jun 05 08:53:15 GMT 2024","207","Command line suite","Command line test","school.redrover.FolderTest","school.redrover.FolderTest","testAddDescription","testAddDescription",""
"passed","Wed Jun 05 08:57:16 GMT 2024","Wed Jun 05 08:57:25 GMT 2024","9009","Command line suite","Command line test","school.redrover.PipelineTest","school.redrover.PipelineTest","testStagesQtt","testStagesQtt",""
"passed","Wed Jun 05 08:54:28 GMT 2024","Wed Jun 05 08:54:29 GMT 2024","1009","Command line suite","Command line test","school.redrover.PipelineTest","school.redrover.PipelineTest","testBreadcrumbsOnFullStageViewPage","testBreadcrumbsOnFullStageViewPage",""
"passed","Wed Jun 05 08:54:33 GMT 2024","Wed Jun 05 08:55:03 GMT 2024","29774","Command line suite","Command line test","school.redrover.PipelineTest","school.redrover.PipelineTest","testBuildAttributesDescending","testBuildAttributesDescending",""
"passed","Wed Jun 05 08:54:23 GMT 2024","Wed Jun 05 08:54:24 GMT 2024","791","Command line suite","Command line test","school.redrover.PipelineTest","school.redrover.PipelineTest","testAddDescriptionPreview","testAddDescriptionPreview",""
"unknown","Wed Jun 05 08:45:40 GMT 2024","Wed Jun 05 08:45:40 GMT 2024","0","Command line suite","Command line test","school.redrover.UserTest","school.redrover.UserTest","testUsersSortingByUserID","testUsersSortingByUserID",""
"passed","Wed Jun 05 08:56:31 GMT 2024","Wed Jun 05 08:56:32 GMT 2024","1048","Command line suite","Command line test","school.redrover.PipelineTest","school.redrover.PipelineTest","testHideDescriptionPreview","testHideDescriptionPreview",""
"passed","Wed Jun 05 08:59:58 GMT 2024","Wed Jun 05 08:59:58 GMT 2024","218","Command line suite","Command line test","school.redrover.MultibranchPipelineTest","school.redrover.MultibranchPipelineTest","testMultibranchPipelineEnable","testMultibranchPipelineEnable",""
"passed","Wed Jun 05 08:57:00 GMT 2024","Wed Jun 05 08:57:02 GMT 2024","1894","Command line suite","Command line test","school.redrover.PipelineTest","school.redrover.PipelineTest","testSetQuietPeriodBuildTriggersLessThanZero","testSetQuietPeriodBuildTriggersLessThanZero",""
"passed","Wed Jun 05 08:51:48 GMT 2024","Wed Jun 05 08:51:48 GMT 2024","333","Command line suite","Command line test","school.redrover.NewItemTest","school.redrover.NewItemTest","testInvalidValuesForProjectNameInput","testInvalidValuesForProjectNameInput",""
"passed","Wed Jun 05 08:52:14 GMT 2024","Wed Jun 05 08:52:14 GMT 2024","15","Command line suite","Command line test","school.redrover.OrganizationFolderTest","school.redrover.OrganizationFolderTest","testFindOrganizationFolderOnDashboard","testFindOrganizationFolderOnDashboard",""
"passed","Wed Jun 05 08:59:08 GMT 2024","Wed Jun 05 08:59:09 GMT 2024","1138","Command line suite","Command line test","school.redrover.PipelineTest","school.redrover.PipelineTest","testVerifySectionsHaveTooltips","testVerifySectionsHaveTooltips",""
"passed","Wed Jun 05 08:53:18 GMT 2024","Wed Jun 05 08:53:18 GMT 2024","555","Command line suite","Command line test","school.redrover.FolderTest","school.redrover.FolderTest","testNewlyCreatedFolderIsEmptyAJ","testNewlyCreatedFolderIsEmptyAJ",""
"passed","Wed Jun 05 08:53:01 GMT 2024","Wed Jun 05 08:53:02 GMT 2024","1078","Command line suite","Command line test","school.redrover.DashboardTest","school.redrover.DashboardTest","testMultiConfigurationProjectChevronMenu","testMultiConfigurationProjectChevronMenu",""
"passed","Wed Jun 05 08:49:20 GMT 2024","Wed Jun 05 08:49:34 GMT 2024","13593","Command line suite","Command line test","school.redrover.UserTest","school.redrover.UserTest","testFreestyleJobRemoteTriggering","testFreestyleJobRemoteTriggering",""
"passed","Wed Jun 05 08:51:31 GMT 2024","Wed Jun 05 08:51:32 GMT 2024","326","Command line suite","Command line test","school.redrover.NewItemTest","school.redrover.NewItemTest","testInvalidValuesForProjectNameInput","testInvalidValuesForProjectNameInput",""
"passed","Wed Jun 05 08:46:45 GMT 2024","Wed Jun 05 08:46:46 GMT 2024","395","Command line suite","Command line test","school.redrover.FreestyleProjectTest","school.redrover.FreestyleProjectTest","testCreateProjectInvalidCharsGetMassage","testCreateProjectInvalidCharsGetMassage",""
"passed","Wed Jun 05 08:48:27 GMT 2024","Wed Jun 05 08:48:29 GMT 2024","1093","Command line suite","Command line test","school.redrover.MultiConfigurationProjectTest","school.redrover.MultiConfigurationProjectTest","testSearchForCreatedProject","testSearchForCreatedProject",""
"passed","Wed Jun 05 08:59:38 GMT 2024","Wed Jun 05 08:59:39 GMT 2024","1674","Command line suite","Command line test","school.redrover.runner.CucumberTest","school.redrover.runner.CucumberTest","runScenario","Runs Cucumber Scenarios",""
"passed","Wed Jun 05 08:49:56 GMT 2024","Wed Jun 05 08:49:58 GMT 2024","1220","Command line suite","Command line test","school.redrover.ManageJenkinsTest","school.redrover.ManageJenkinsTest","testAlertMessageClickingReloadConfigurationFromDisk","testAlertMessageClickingReloadConfigurationFromDisk",""
"passed","Wed Jun 05 08:46:55 GMT 2024","Wed Jun 05 08:46:56 GMT 2024","402","Command line suite","Command line test","school.redrover.FreestyleProjectTest","school.redrover.FreestyleProjectTest","testCreateProjectInvalidCharsGetMassage","testCreateProjectInvalidCharsGetMassage",""
"passed","Wed Jun 05 08:51:03 GMT 2024","Wed Jun 05 08:51:04 GMT 2024","1126","Command line suite","Command line test","school.redrover.ManageJenkinsTest","school.redrover.ManageJenkinsTest","testToolsAndActionsBlockSectionsOrderTitlesAndDescriptions","testToolsAndActionsBlockSectionsOrderTitlesAndDescriptions",""
"passed","Wed Jun 05 08:52:47 GMT 2024","Wed Jun 05 08:52:48 GMT 2024","1394","Command line suite","Command line test","school.redrover.AppearanceTest","school.redrover.AppearanceTest","testDarkThemeSwitchNotification","testDarkThemeSwitchNotification",""
"passed","Wed Jun 05 08:53:18 GMT 2024","Wed Jun 05 08:53:19 GMT 2024","906","Command line suite","Command line test","school.redrover.FolderTest","school.redrover.FolderTest","testCreateJobPipelineInFolder","testCreateJobPipelineInFolder",""
"passed","Wed Jun 05 08:52:01 GMT 2024","Wed Jun 05 08:52:01 GMT 2024","301","Command line suite","Command line test","school.redrover.NewItemTest","school.redrover.NewItemTest","testUserSeeTheNameEntryField","testUserSeeTheNameEntryField",""
"passed","Wed Jun 05 08:50:55 GMT 2024","Wed Jun 05 08:50:56 GMT 2024","832","Command line suite","Command line test","school.redrover.ManageJenkinsTest","school.redrover.ManageJenkinsTest","testSectionsLinksAreClickable","testSectionsLinksAreClickable",""
